test,
,
گیربکس,
گیربکس,
نحوه فروش,
گیربکس,
نحوه فروش,
نحوه فروش,
نحوه فروش,
نحوه فروش,
نحوه فروش,
نحوه فروش,
قیمت,
گیربکس,
قیمت,
گیربکس,
قیمت,
نحوه فروش,
گیربکس,
گیربکس,
گیربکس,
گیربکس,
گیربکس,
گیربکس,
گیربکس,
test,
نمایشگاه,
نمایشگاه,
نمایشگاه,
نمایشگاه,
برند و تیپ,
برند و تیپ,
برند و تیپ,
برند و تیپ,
برند و تیپ,
برند و تیپ,
test,
"نمایشگاه,برند و تیپ,وضعیت موتور,سالم,وضعیت شاسی‌ها,سالم و پلمپ,وضعیت بدنه,سالم و بی‌خط و خش,مهلت بیمهٔ شخص ثالث,۸ ماه,گیربکس,دنده‌ای,نحوه فروش,نقدی و قسطی,قیمت,غیرقابل نمایش",
"نمایشگاه,برند و تیپ,وضعیت موتور,سالم,وضعیت شاسی‌ها,سالم و پلمپ,وضعیت بدنه,سالم و بی‌خط و خش,مهلت بیمهٔ شخص ثالث,۸ ماه,گیربکس,اتوماتیک,نحوه فروش,نقدی و قسطی,قیمت,۴۳۰٬۰۰۰٬۰۰۰ تومان",
"نمایشگاه,برند و تیپ,وضعیت موتور,سالم,وضعیت شاسی‌ها,سالم و پلمپ,وضعیت بدنه,سالم و بی‌خط و خش,مهلت بیمهٔ شخص ثالث,۶ ماه,گیربکس,دنده‌ای,نحوه فروش,نقدی,قیمت,توافقی",
"نمایشگاه,برند و تیپ,وضعیت بدنه,سالم و بی‌خط و خش,قیمت,۱٬۰۰۰٬۰۰۰٬۰۰۰ تومان",
"برند و تیپ,وضعیت موتور,سالم,وضعیت شاسی‌ها,سالم و پلمپ,وضعیت بدنه,سالم و بی‌خط و خش,مهلت بیمهٔ شخص ثالث,۶ ماه,گیربکس,دنده‌ای,نحوه فروش,نقدی,قیمت,۲۸۱٬۰۰۰٬۰۰۰ تومان",
"برند و تیپ,وضعیت موتور,سالم,وضعیت شاسی‌ها,سالم و پلمپ,وضعیت بدنه,سالم و بی‌خط و خش,مهلت بیمهٔ شخص ثالث,۶ ماه,گیربکس,دنده‌ای,نحوه فروش,نقدی,قیمت,۲۸۷٬۰۰۰٬۰۰۰ تومان",
"برند و تیپ,وضعیت موتور,سالم,وضعیت شاسی‌ها,سالم و پلمپ,وضعیت بدنه,خط و خش جزیی,مهلت بیمهٔ شخص ثالث,۱۲ ماه,گیربکس,اتوماتیک,نحوه فروش,نقدی,قیمت,۴۰۵٬۰۰۰٬۰۰۰ تومان",
"برند و تیپ,وضعیت موتور,سالم,وضعیت شاسی‌ها,سالم و پلمپ,وضعیت بدنه,خط و خش جزیی,مهلت بیمهٔ شخص ثالث,۶ ماه,گیربکس,اتوماتیک,نحوه فروش,قسطی,قیمت,۱۸۵٬۰۰۰٬۰۰۰ تومان",
"برند و تیپ,وضعیت موتور,سالم,وضعیت شاسی‌ها,سالم و پلمپ,وضعیت بدنه,سالم و بی‌خط و خش,مهلت بیمهٔ شخص ثالث,۱۲ ماه,گیربکس,دنده‌ای,نحوه فروش,نقدی و قسطی,قیمت,۲۶۰٬۰۰۰٬۰۰۰ تومان",
"برند و تیپ,وضعیت موتور,سالم,وضعیت شاسی‌ها,سالم و پلمپ,وضعیت بدنه,رنگ‌شدگی,مهلت بیمهٔ شخص ثالث,۱۱ ماه,گیربکس,اتوماتیک,نحوه فروش,نقدی,قیمت,۱٬۱۵۰٬۰۰۰٬۰۰۰ تومان",
"نمایشگاه,برند و تیپ,وضعیت موتور,سالم,وضعیت شاسی‌ها,سالم و پلمپ,وضعیت بدنه,سالم و بی‌خط و خش,گیربکس,اتوماتیک,قیمت,توافقی",
"نمایشگاه,برند و تیپ,وضعیت موتور,سالم,وضعیت شاسی‌ها,سالم و پلمپ,وضعیت بدنه,سالم و بی‌خط و خش,مهلت بیمهٔ شخص ثالث,۷ ماه,گیربکس,اتوماتیک,نحوه فروش,نقدی,قیمت,۱٬۲۹۰٬۰۰۰٬۰۰۰ تومان",
"برند و تیپ,وضعیت موتور,سالم,وضعیت شاسی‌ها,سالم و پلمپ,وضعیت بدنه,سالم و بی‌خط و خش,مهلت بیمهٔ شخص ثالث,۴ ماه,گیربکس,دنده‌ای,نحوه فروش,نقدی,قیمت,۱۶۵٬۰۰۰٬۰۰۰ تومان",
"نمایشگاه,برند و تیپ,وضعیت موتور,سالم,وضعیت شاسی‌ها,سالم و پلمپ,وضعیت بدنه,سالم و بی‌خط و خش,گیربکس,اتوماتیک,قیمت,توافقی",
"نمایشگاه,برند و تیپ,وضعیت موتور,سالم,وضعیت شاسی‌ها,سالم و پلمپ,وضعیت بدنه,سالم و بی‌خط و خش,مهلت بیمهٔ شخص ثالث,۱۲ ماه,گیربکس,دنده‌ای,نحوه فروش,نقدی و قسطی,قیمت,توافقی",
"برند و تیپ,وضعیت موتور,سالم,وضعیت شاسی‌ها,سالم و پلمپ,وضعیت بدنه,رنگ‌شدگی,مهلت بیمهٔ شخص ثالث,۴ ماه,گیربکس,دنده‌ای,نحوه فروش,نقدی,قیمت,۳۱۰٬۰۰۰٬۰۰۰ تومان",
"نمایشگاه,برند و تیپ,وضعیت موتور,سالم,وضعیت شاسی‌ها,سالم و پلمپ,وضعیت بدنه,سالم و بی‌خط و خش,گیربکس,اتوماتیک,قیمت,توافقی",
test,
,
,
,
,
,
,
,
,
,
,
,
,
,
,
,
,
,
,
,
,
,
,
,
,
test,
لیفان X60 اتوماتیک,
کوییک دنده‌ای ساده,
آئودی Q5,
بی‌ام‌و سری 3 سدان 325i,
وانت مزدا کارا دو کابین 2000cc,
پژو 405 SLX بنزینی,
پژو 207i اتوماتیک,
پژو 206 تیپ ۶,
پژو پارس سال,
کیا اپتیما 2400cc,
تویوتا لندکروزر ۴ در 4500cc,
هیوندای سانتافه ix 45 2400cc,
پراید 111 SE,
پژو 206 تیپ ۲,
سمند LX ساده,
لکسوس RX 350 F,
دنا معمولی تیپ ۱,
کوییک دنده‌ای R,
پژو پارس سال,
پژو 207i دنده‌ای,
پژو پارس ELX,
پژو پارس سال,
test,testt
"نمایشگاه,برند و تیپ,وضعیت بدنه,سالم و بی‌خط و خش,قیمت,۱٬۰۰۰٬۰۰۰٬۰۰۰ تومان",آئودی Q5
"نمایشگاه,برند و تیپ,وضعیت موتور,سالم,وضعیت شاسی‌ها,سالم و پلمپ,وضعیت بدنه,سالم و بی‌خط و خش,مهلت بیمهٔ شخص ثالث,۶ ماه,گیربکس,دنده‌ای,نحوه فروش,نقدی,قیمت,توافقی",کوییک دنده‌ای ساده
"نمایشگاه,برند و تیپ,وضعیت موتور,سالم,وضعیت شاسی‌ها,سالم و پلمپ,وضعیت بدنه,سالم و بی‌خط و خش,مهلت بیمهٔ شخص ثالث,۸ ماه,گیربکس,اتوماتیک,نحوه فروش,نقدی و قسطی,قیمت,۴۳۰٬۰۰۰٬۰۰۰ تومان",لیفان X60 اتوماتیک
"نمایشگاه,برند و تیپ,وضعیت موتور,سالم,وضعیت شاسی‌ها,سالم و پلمپ,وضعیت بدنه,سالم و بی‌خط و خش,مهلت بیمهٔ شخص ثالث,۸ ماه,گیربکس,دنده‌ای,نحوه فروش,نقدی و قسطی,قیمت,غیرقابل نمایش",وانت مزدا کارا دو کابین 2000cc
"برند و تیپ,وضعیت موتور,سالم,وضعیت شاسی‌ها,سالم و پلمپ,وضعیت بدنه,خط و خش جزیی,مهلت بیمهٔ شخص ثالث,۱۲ ماه,گیربکس,اتوماتیک,نحوه فروش,نقدی,قیمت,۴۰۵٬۰۰۰٬۰۰۰ تومان",پژو 207i اتوماتیک
"برند و تیپ,وضعیت موتور,سالم,وضعیت شاسی‌ها,سالم و پلمپ,وضعیت بدنه,خط و خش جزیی,مهلت بیمهٔ شخص ثالث,۶ ماه,گیربکس,اتوماتیک,نحوه فروش,قسطی,قیمت,۱۸۵٬۰۰۰٬۰۰۰ تومان",پژو 206 تیپ ۶
"برند و تیپ,وضعیت موتور,سالم,وضعیت شاسی‌ها,سالم و پلمپ,وضعیت بدنه,سالم و بی‌خط و خش,مهلت بیمهٔ شخص ثالث,۱۲ ماه,گیربکس,دنده‌ای,نحوه فروش,نقدی و قسطی,قیمت,۲۶۰٬۰۰۰٬۰۰۰ تومان",پژو پارس سال
"برند و تیپ,وضعیت موتور,سالم,وضعیت شاسی‌ها,سالم و پلمپ,وضعیت بدنه,رنگ‌شدگی,مهلت بیمهٔ شخص ثالث,۱۱ ماه,گیربکس,اتوماتیک,نحوه فروش,نقدی,قیمت,۱٬۱۵۰٬۰۰۰٬۰۰۰ تومان",بی‌ام‌و سری 3 سدان 325i
"برند و تیپ,وضعیت موتور,سالم,وضعیت شاسی‌ها,سالم و پلمپ,وضعیت بدنه,سالم و بی‌خط و خش,مهلت بیمهٔ شخص ثالث,۶ ماه,گیربکس,دنده‌ای,نحوه فروش,نقدی,قیمت,۲۸۷٬۰۰۰٬۰۰۰ تومان",سمند LX ساده
"برند و تیپ,وضعیت موتور,سالم,وضعیت شاسی‌ها,سالم و پلمپ,وضعیت بدنه,سالم و بی‌خط و خش,مهلت بیمهٔ شخص ثالث,۶ ماه,گیربکس,دنده‌ای,نحوه فروش,نقدی,قیمت,۲۸۱٬۰۰۰٬۰۰۰ تومان",پژو 405 SLX بنزینی
"نمایشگاه,برند و تیپ,وضعیت موتور,سالم,وضعیت شاسی‌ها,سالم و پلمپ,وضعیت بدنه,سالم و بی‌خط و خش,گیربکس,اتوماتیک,قیمت,توافقی",لکسوس RX 350 F
"برند و تیپ,وضعیت موتور,سالم,وضعیت شاسی‌ها,سالم و پلمپ,وضعیت بدنه,سالم و بی‌خط و خش,مهلت بیمهٔ شخص ثالث,۴ ماه,گیربکس,دنده‌ای,نحوه فروش,نقدی,قیمت,۱۶۵٬۰۰۰٬۰۰۰ تومان",پراید 111 SE
"نمایشگاه,برند و تیپ,وضعیت موتور,سالم,وضعیت شاسی‌ها,سالم و پلمپ,وضعیت بدنه,سالم و بی‌خط و خش,مهلت بیمهٔ شخص ثالث,۷ ماه,گیربکس,اتوماتیک,نحوه فروش,نقدی,قیمت,۱٬۲۹۰٬۰۰۰٬۰۰۰ تومان",کیا اپتیما 2400cc
"برند و تیپ,وضعیت موتور,سالم,وضعیت شاسی‌ها,سالم و پلمپ,وضعیت بدنه,رنگ‌شدگی,مهلت بیمهٔ شخص ثالث,۴ ماه,گیربکس,دنده‌ای,نحوه فروش,نقدی,قیمت,۳۱۰٬۰۰۰٬۰۰۰ تومان",دنا معمولی تیپ ۱
"نمایشگاه,برند و تیپ,وضعیت موتور,سالم,وضعیت شاسی‌ها,سالم و پلمپ,وضعیت بدنه,سالم و بی‌خط و خش,گیربکس,اتوماتیک,قیمت,توافقی",تویوتا لندکروزر ۴ در 4500cc
"نمایشگاه,برند و تیپ,وضعیت موتور,سالم,وضعیت شاسی‌ها,سالم و پلمپ,وضعیت بدنه,سالم و بی‌خط و خش,مهلت بیمهٔ شخص ثالث,۱۲ ماه,گیربکس,دنده‌ای,نحوه فروش,نقدی و قسطی,قیمت,توافقی",پژو 206 تیپ ۲
"نمایشگاه,برند و تیپ,وضعیت موتور,سالم,وضعیت شاسی‌ها,سالم و پلمپ,وضعیت بدنه,سالم و بی‌خط و خش,گیربکس,اتوماتیک,قیمت,توافقی",هیوندای سانتافه ix 45 2400cc
Token,test,testt
https://divar.ir/v/-/gYmDUf73,"نمایشگاه,برند و تیپ,وضعیت موتور,سالم,وضعیت شاسی‌ها,سالم و پلمپ,وضعیت بدنه,سالم و بی‌خط و خش,مهلت بیمهٔ شخص ثالث,۸ ماه,گیربکس,اتوماتیک,نحوه فروش,نقدی و قسطی,قیمت,۴۳۰٬۰۰۰٬۰۰۰ تومان",لیفان X60 اتوماتیک
https://divar.ir/v/-/wYYUjWbf,"نمایشگاه,برند و تیپ,وضعیت بدنه,سالم و بی‌خط و خش,قیمت,۱٬۰۰۰٬۰۰۰٬۰۰۰ تومان",آئودی Q5
https://divar.ir/v/-/wYYUTUcm,"نمایشگاه,برند و تیپ,وضعیت موتور,سالم,وضعیت شاسی‌ها,سالم و پلمپ,وضعیت بدنه,سالم و بی‌خط و خش,مهلت بیمهٔ شخص ثالث,۶ ماه,گیربکس,دنده‌ای,نحوه فروش,نقدی,قیمت,توافقی",کوییک دنده‌ای ساده
https://divar.ir/v/-/gYcf-Qzv,"نمایشگاه,برند و تیپ,وضعیت موتور,سالم,وضعیت شاسی‌ها,سالم و پلمپ,وضعیت بدنه,سالم و بی‌خط و خش,مهلت بیمهٔ شخص ثالث,۸ ماه,گیربکس,دنده‌ای,نحوه فروش,نقدی و قسطی,قیمت,غیرقابل نمایش",وانت مزدا کارا دو کابین 2000cc
https://divar.ir/v/-/wYU0nZJh,"برند و تیپ,وضعیت موتور,سالم,وضعیت شاسی‌ها,سالم و پلمپ,وضعیت بدنه,سالم و بی‌خط و خش,مهلت بیمهٔ شخص ثالث,۱۲ ماه,گیربکس,دنده‌ای,نحوه فروش,نقدی و قسطی,قیمت,۲۶۰٬۰۰۰٬۰۰۰ تومان",پژو پارس سال
https://divar.ir/v/-/wYXcx2KW,"برند و تیپ,وضعیت موتور,سالم,وضعیت شاسی‌ها,سالم و پلمپ,وضعیت بدنه,خط و خش جزیی,مهلت بیمهٔ شخص ثالث,۶ ماه,گیربکس,اتوماتیک,نحوه فروش,قسطی,قیمت,۱۸۵٬۰۰۰٬۰۰۰ تومان",پژو 206 تیپ ۶
https://divar.ir/v/-/wYYUTaib,"برند و تیپ,وضعیت موتور,سالم,وضعیت شاسی‌ها,سالم و پلمپ,وضعیت بدنه,رنگ‌شدگی,مهلت بیمهٔ شخص ثالث,۱۱ ماه,گیربکس,اتوماتیک,نحوه فروش,نقدی,قیمت,۱٬۱۵۰٬۰۰۰٬۰۰۰ تومان",بی‌ام‌و سری 3 سدان 325i
https://divar.ir/v/-/wYYUjUIJ,"برند و تیپ,وضعیت موتور,سالم,وضعیت شاسی‌ها,سالم و پلمپ,وضعیت بدنه,خط و خش جزیی,مهلت بیمهٔ شخص ثالث,۱۲ ماه,گیربکس,اتوماتیک,نحوه فروش,نقدی,قیمت,۴۰۵٬۰۰۰٬۰۰۰ تومان",پژو 207i اتوماتیک
https://divar.ir/v/-/wYXwk7MG,"برند و تیپ,وضعیت موتور,سالم,وضعیت شاسی‌ها,سالم و پلمپ,وضعیت بدنه,سالم و بی‌خط و خش,مهلت بیمهٔ شخص ثالث,۶ ماه,گیربکس,دنده‌ای,نحوه فروش,نقدی,قیمت,۲۸۱٬۰۰۰٬۰۰۰ تومان",پژو 405 SLX بنزینی
https://divar.ir/v/-/wYWEu5H_,"برند و تیپ,وضعیت موتور,سالم,وضعیت شاسی‌ها,سالم و پلمپ,وضعیت بدنه,سالم و بی‌خط و خش,مهلت بیمهٔ شخص ثالث,۶ ماه,گیربکس,دنده‌ای,نحوه فروش,نقدی,قیمت,۲۸۷٬۰۰۰٬۰۰۰ تومان",سمند LX ساده
Token,test,sellerid
https://divar.ir/v/-/gYmDUf73,"نمایشگاه,برند و تیپ,وضعیت موتور,سالم,وضعیت شاسی‌ها,سالم و پلمپ,وضعیت بدنه,سالم و بی‌خط و خش,مهلت بیمهٔ شخص ثالث,۸ ماه,گیربکس,اتوماتیک,نحوه فروش,نقدی و قسطی,قیمت,۴۳۰٬۰۰۰٬۰۰۰ تومان",لیفان X60 اتوماتیک
https://divar.ir/v/-/wYYUTUcm,"نمایشگاه,برند و تیپ,وضعیت موتور,سالم,وضعیت شاسی‌ها,سالم و پلمپ,وضعیت بدنه,سالم و بی‌خط و خش,مهلت بیمهٔ شخص ثالث,۶ ماه,گیربکس,دنده‌ای,نحوه فروش,نقدی,قیمت,توافقی",کوییک دنده‌ای ساده
https://divar.ir/v/-/gYcf-Qzv,"نمایشگاه,برند و تیپ,وضعیت موتور,سالم,وضعیت شاسی‌ها,سالم و پلمپ,وضعیت بدنه,سالم و بی‌خط و خش,مهلت بیمهٔ شخص ثالث,۸ ماه,گیربکس,دنده‌ای,نحوه فروش,نقدی و قسطی,قیمت,غیرقابل نمایش",وانت مزدا کارا دو کابین 2000cc
https://divar.ir/v/-/wYYUjWbf,"نمایشگاه,برند و تیپ,وضعیت بدنه,سالم و بی‌خط و خش,قیمت,۱٬۰۰۰٬۰۰۰٬۰۰۰ تومان",آئودی Q5
https://divar.ir/v/-/wYWEu5H_,"برند و تیپ,وضعیت موتور,سالم,وضعیت شاسی‌ها,سالم و پلمپ,وضعیت بدنه,سالم و بی‌خط و خش,مهلت بیمهٔ شخص ثالث,۶ ماه,گیربکس,دنده‌ای,نحوه فروش,نقدی,قیمت,۲۸۷٬۰۰۰٬۰۰۰ تومان",سمند LX ساده
https://divar.ir/v/-/wYYUTaib,"برند و تیپ,وضعیت موتور,سالم,وضعیت شاسی‌ها,سالم و پلمپ,وضعیت بدنه,رنگ‌شدگی,مهلت بیمهٔ شخص ثالث,۱۱ ماه,گیربکس,اتوماتیک,نحوه فروش,نقدی,قیمت,۱٬۱۵۰٬۰۰۰٬۰۰۰ تومان",بی‌ام‌و سری 3 سدان 325i
https://divar.ir/v/-/wYYUjUIJ,"برند و تیپ,وضعیت موتور,سالم,وضعیت شاسی‌ها,سالم و پلمپ,وضعیت بدنه,خط و خش جزیی,مهلت بیمهٔ شخص ثالث,۱۲ ماه,گیربکس,اتوماتیک,نحوه فروش,نقدی,قیمت,۴۰۵٬۰۰۰٬۰۰۰ تومان",پژو 207i اتوماتیک
https://divar.ir/v/-/wYXwk7MG,"برند و تیپ,وضعیت موتور,سالم,وضعیت شاسی‌ها,سالم و پلمپ,وضعیت بدنه,سالم و بی‌خط و خش,مهلت بیمهٔ شخص ثالث,۶ ماه,گیربکس,دنده‌ای,نحوه فروش,نقدی,قیمت,۲۸۱٬۰۰۰٬۰۰۰ تومان",پژو 405 SLX بنزینی
https://divar.ir/v/-/wYU0nZJh,"برند و تیپ,وضعیت موتور,سالم,وضعیت شاسی‌ها,سالم و پلمپ,وضعیت بدنه,سالم و بی‌خط و خش,مهلت بیمهٔ شخص ثالث,۱۲ ماه,گیربکس,دنده‌ای,نحوه فروش,نقدی و قسطی,قیمت,۲۶۰٬۰۰۰٬۰۰۰ تومان",پژو پارس سال
https://divar.ir/v/-/wYXcx2KW,"برند و تیپ,وضعیت موتور,سالم,وضعیت شاسی‌ها,سالم و پلمپ,وضعیت بدنه,خط و خش جزیی,مهلت بیمهٔ شخص ثالث,۶ ماه,گیربکس,اتوماتیک,نحوه فروش,قسطی,قیمت,۱۸۵٬۰۰۰٬۰۰۰ تومان",پژو 206 تیپ ۶
test
"[['نمایشگاه', 'برند و تیپ', 'وضعیت بدنه', 'سالم و بی\u200cخط و خش', 'قیمت', '۱٬۰۰۰٬۰۰۰٬۰۰۰ تومان']]"
"[['نمایشگاه', 'برند و تیپ', 'وضعیت موتور', 'سالم', 'وضعیت شاسی\u200cها', 'سالم و پلمپ', 'وضعیت بدنه', 'سالم و بی\u200cخط و خش', 'مهلت بیمهٔ شخص ثالث', '۸ ماه', 'گیربکس', 'اتوماتیک', 'نحوه فروش', 'نقدی و قسطی', 'قیمت', '۴۳۰٬۰۰۰٬۰۰۰ تومان']]"
"[['نمایشگاه', 'برند و تیپ', 'وضعیت موتور', 'سالم', 'وضعیت شاسی\u200cها', 'سالم و پلمپ', 'وضعیت بدنه', 'سالم و بی\u200cخط و خش', 'مهلت بیمهٔ شخص ثالث', '۶ ماه', 'گیربکس', 'دنده\u200cای', 'نحوه فروش', 'نقدی', 'قیمت', 'توافقی']]"
"[['برند و تیپ', 'وضعیت موتور', 'سالم', 'وضعیت شاسی\u200cها', 'سالم و پلمپ', 'وضعیت بدنه', 'سالم و بی\u200cخط و خش', 'مهلت بیمهٔ شخص ثالث', '۶ ماه', 'گیربکس', 'دنده\u200cای', 'نحوه فروش', 'نقدی', 'قیمت', '۲۸۱٬۰۰۰٬۰۰۰ تومان']]"
"[['نمایشگاه', 'برند و تیپ', 'وضعیت موتور', 'سالم', 'وضعیت شاسی\u200cها', 'سالم و پلمپ', 'وضعیت بدنه', 'سالم و بی\u200cخط و خش', 'مهلت بیمهٔ شخص ثالث', '۸ ماه', 'گیربکس', 'دنده\u200cای', 'نحوه فروش', 'نقدی و قسطی', 'قیمت', 'غیرقابل نمایش']]"
"[['برند و تیپ', 'وضعیت موتور', 'سالم', 'وضعیت شاسی\u200cها', 'سالم و پلمپ', 'وضعیت بدنه', 'رنگ\u200cشدگی', 'مهلت بیمهٔ شخص ثالث', '۱۱ ماه', 'گیربکس', 'اتوماتیک', 'نحوه فروش', 'نقدی', 'قیمت', '۱٬۱۵۰٬۰۰۰٬۰۰۰ تومان']]"
"[['برند و تیپ', 'وضعیت موتور', 'سالم', 'وضعیت شاسی\u200cها', 'سالم و پلمپ', 'وضعیت بدنه', 'خط و خش جزیی', 'مهلت بیمهٔ شخص ثالث', '۶ ماه', 'گیربکس', 'اتوماتیک', 'نحوه فروش', 'قسطی', 'قیمت', '۱۸۵٬۰۰۰٬۰۰۰ تومان']]"
"[['برند و تیپ', 'وضعیت موتور', 'سالم', 'وضعیت شاسی\u200cها', 'سالم و پلمپ', 'وضعیت بدنه', 'سالم و بی\u200cخط و خش', 'مهلت بیمهٔ شخص ثالث', '۱۲ ماه', 'گیربکس', 'دنده\u200cای', 'نحوه فروش', 'نقدی و قسطی', 'قیمت', '۲۶۰٬۰۰۰٬۰۰۰ تومان']]"
"[['برند و تیپ', 'وضعیت موتور', 'سالم', 'وضعیت شاسی\u200cها', 'سالم و پلمپ', 'وضعیت بدنه', 'سالم و بی\u200cخط و خش', 'مهلت بیمهٔ شخص ثالث', '۶ ماه', 'گیربکس', 'دنده\u200cای', 'نحوه فروش', 'نقدی', 'قیمت', '۲۸۷٬۰۰۰٬۰۰۰ تومان']]"
"[['برند و تیپ', 'وضعیت موتور', 'سالم', 'وضعیت شاسی\u200cها', 'سالم و پلمپ', 'وضعیت بدنه', 'خط و خش جزیی', 'مهلت بیمهٔ شخص ثالث', '۱۲ ماه', 'گیربکس', 'اتوماتیک', 'نحوه فروش', 'نقدی', 'قیمت', '۴۰۵٬۰۰۰٬۰۰۰ تومان']]"
Distance,Year,Color,Token
۲۵٬۰۰۰,1399,سفید,https://divar.ir/v/-/wYcQEyDK
۲٬۰۰۰,1400,زرد,https://divar.ir/v/-/wYcQECe0
۹۰٬۰۰۰,1397,سفید,https://divar.ir/v/-/wYcAkWTO
۹۴٬۰۰۰,1396,سفید,https://divar.ir/v/-/wYcQUOmU
۲۹٬۰۰۰,1399,سفید,https://divar.ir/v/-/wYNoLBlB
۴۶۴٬۰۰۰,1386,سفید,https://divar.ir/v/-/wYcM02Oh
۳۹٬۰۰۰,1396,سفید,https://divar.ir/v/-/wYcMkoww
۰,1401,سفید,https://divar.ir/v/-/wYcME0Ig
۴۲٬۷۰۰,1398,خاکستری,https://divar.ir/v/-/wYcMU0yU
۵۱٬۰۰۰,1398,سفید,https://divar.ir/v/-/wYcQExbr
۵۱٬۰۰۰,1397,مشکی,https://divar.ir/v/-/wYXoRa0J
۳۱۷٬۰۰۰,1997,کرم,https://divar.ir/v/-/wYcojxI5
۱۵۰٬۰۰۰,1388,نقره‌ای,https://divar.ir/v/-/wYcM0rF9
۹۵٬۰۰۰,1397,سفید,https://divar.ir/v/-/wYX8lofY
۰,1401,سفید,https://divar.ir/v/-/gYRmLiKf
۷۰٬۰۰۰,1397,سفید,https://divar.ir/v/-/wYcMkOyR
۰,1401,سفید,https://divar.ir/v/-/QYjnf00Z
۰,1401,سفید صدفی,https://divar.ir/v/-/wYcMEVCy
۳۰٬۰۰۰,1400,سفید,https://divar.ir/v/-/wYcMEoWY
۵۲٬۰۰۰,1397,سفید,https://divar.ir/v/-/gYgml6yB
۱۱۰٬۰۰۰,1395,سفید,https://divar.ir/v/-/wYcQ0gY6
۱۳۵٬۰۰۰,1395,سفید,https://divar.ir/v/-/wYcQEGpl
۴۲٬۰۰۰,1399,سفید,https://divar.ir/v/-/wYJUrGXf
۱۳٬۰۰۰,1400,سفید,https://divar.ir/v/-/wYcQkWxz
۱۱۰٬۰۰۰,1396,سفید,https://divar.ir/v/-/wYcMEmQ5
۶٬۰۰۰,1400,سفید,https://divar.ir/v/-/wYcIELue
۷۳٬۰۰۰,1397,سفید,https://divar.ir/v/-/wYTAhqQc
۶۰٬۰۰۰,1397,سفید,https://divar.ir/v/-/wYcQEkuE
۵۰٬۰۰۰,1400,مشکی,https://divar.ir/v/-/wYWYvpyz
۱۱٬۳۰۰,1401,سفید,https://divar.ir/v/-/wYcIU-Cx
۶۲٬۰۰۰,1398,سفید,https://divar.ir/v/-/wYUsH5Zb
۱۱۲٬۴۲۹,1396,مشکی,https://divar.ir/v/-/wYYAS1Aw
۱۴۵٬۵۰۰,1396,سفید,https://divar.ir/v/-/wYUYmlmq
۴٬۰۰۰,1400,سفید,https://divar.ir/v/-/wYc8DhPN
۷۹٬۰۰۰,1394,سفید,https://divar.ir/v/-/wYcQ0QLf
۱۷۳٬۰۰۰,1392,سفید,https://divar.ir/v/-/wYcQEP7R
۰,1401,سفید,https://divar.ir/v/-/gYueL0jx
۰,1401,مشکی,https://divar.ir/v/-/gY7P4NQL
۰,1401,مشکی,https://divar.ir/v/-/gY7XozQA
۰,1401,نوک‌مدادی,https://divar.ir/v/-/gY7bIjde
۹۸٬۰۰۰,1395,نقره‌ای,https://divar.ir/v/-/gYybaz0o
۲۹۰٬۰۰۰,1392,نوک‌مدادی,https://divar.ir/v/-/wYcMUSNv
۰,1401,سفید,https://divar.ir/v/-/gYR2cqH0
۱۸۰٬۰۰۰,1392,آبی,https://divar.ir/v/-/wYcQ0dTZ
۳۵٬۱۹۰,1398,سفید,https://divar.ir/v/-/wYcMEJrk
۲۸٬۰۰۰,1400,سفید,https://divar.ir/v/-/wYcMUSNN
۱۱۲٬۱۵۰,1395,خاکستری,https://divar.ir/v/-/wYVI8zS8
۱۲۰٬۰۰۰,1397,سفید,https://divar.ir/v/-/wYcMUSGQ
۰,1401,سفید,https://divar.ir/v/-/wYcMkKEF
۰,1401,سفید,https://divar.ir/v/-/wYcMEASh
۱۰۲٬۰۰۰,1393,مشکی,https://divar.ir/v/-/wYZwHaI4
۱۱۵٬۰۰۰,1397,سفید,https://divar.ir/v/-/wYLYin12
۴۵۰,1401,سفید,https://divar.ir/v/-/wYcIUj4B
۳۰٬۰۰۰,1400,سفید,https://divar.ir/v/-/wYcMUIYJ
۹۹٬۰۱۸,1395,سفید,https://divar.ir/v/-/wYY4WKju
۷۰۰,1401,سفید,https://divar.ir/v/-/wYcMEPt4
۱۰۱٬۰۰۰,1396,سفید,https://divar.ir/v/-/wYcMEFpi
۶۸٬۰۰۰,1397,سفید,https://divar.ir/v/-/wYcIUzIl
۶۴٬۵۰۰,1395,قرمز,https://divar.ir/v/-/wYYgks2K
۶۸٬۶۶۹,1396,سفید,https://divar.ir/v/-/wYaEODq5
۲۹٬۸۵۰,1393,سفید,https://divar.ir/v/-/gYmnwlFR
۰,1401,سفید,https://divar.ir/v/-/wYcMkKWW
۶۰٬۰۰۰,1397,سفید,https://divar.ir/v/-/wYcQ0Giy
۳۰۰٬۰۰۰,1999,مشکی,https://divar.ir/v/-/wYcIEs_f
Distance,Year,Color,Token
۲۹٬۰۰۰,1399,سفید,https://divar.ir/v/-/wYNoLBlB
۴۲٬۷۰۰,1398,خاکستری,https://divar.ir/v/-/wYcMU0yU
۲٬۰۰۰,1400,زرد,https://divar.ir/v/-/wYcQECe0
۹۰٬۰۰۰,1397,سفید,https://divar.ir/v/-/wYcAkWTO
۳۹٬۰۰۰,1396,سفید,https://divar.ir/v/-/wYcMkoww
۳۱۷٬۰۰۰,1997,کرم,https://divar.ir/v/-/wYcojxI5
۹۴٬۰۰۰,1396,سفید,https://divar.ir/v/-/wYcQUOmU
۴۶۴٬۰۰۰,1386,سفید,https://divar.ir/v/-/wYcM02Oh
۵۲٬۰۰۰,1397,سفید,https://divar.ir/v/-/gYgml6yB
۰,1401,سفید,https://divar.ir/v/-/wYcME0Ig
۰,1401,سفید,https://divar.ir/v/-/QYjnf00Z
۱۵۰٬۰۰۰,1388,نقره‌ای,https://divar.ir/v/-/wYcM0rF9
۲۵٬۰۰۰,1399,سفید,https://divar.ir/v/-/wYcQEyDK
۹۵٬۰۰۰,1397,سفید,https://divar.ir/v/-/wYX8lofY
۷۰٬۰۰۰,1397,سفید,https://divar.ir/v/-/wYcMkOyR
۶۰٬۰۰۰,1397,سفید,https://divar.ir/v/-/wYcQEkuE
۱۳۵٬۰۰۰,1395,سفید,https://divar.ir/v/-/wYcQEGpl
۰,1401,سفید صدفی,https://divar.ir/v/-/wYcMEVCy
۰,1401,سفید,https://divar.ir/v/-/gYRmLiKf
۱۱۰٬۰۰۰,1395,سفید,https://divar.ir/v/-/wYcQ0gY6
۵۱٬۰۰۰,1397,مشکی,https://divar.ir/v/-/wYXoRa0J
۱۸۰٬۰۰۰,1392,آبی,https://divar.ir/v/-/wYcQ0dTZ
۱۱۰٬۰۰۰,1396,سفید,https://divar.ir/v/-/wYcMEmQ5
۳۰٬۰۰۰,1400,سفید,https://divar.ir/v/-/wYcMEoWY
۱۰۲٬۰۰۰,1393,مشکی,https://divar.ir/v/-/wYZwHaI4
۵۱٬۰۰۰,1398,سفید,https://divar.ir/v/-/wYcQExbr
۶٬۰۰۰,1400,سفید,https://divar.ir/v/-/wYcIELue
۷۳٬۰۰۰,1397,سفید,https://divar.ir/v/-/wYTAhqQc
۵۰٬۰۰۰,1400,مشکی,https://divar.ir/v/-/wYWYvpyz
۷۰۰,1401,سفید,https://divar.ir/v/-/wYcMEPt4
۴٬۰۰۰,1400,سفید,https://divar.ir/v/-/wYc8DhPN
۶۲٬۰۰۰,1398,سفید,https://divar.ir/v/-/wYUsH5Zb
۷۹٬۰۰۰,1394,سفید,https://divar.ir/v/-/wYcQ0QLf
۴۲٬۰۰۰,1399,سفید,https://divar.ir/v/-/wYJUrGXf
۱۷۳٬۰۰۰,1392,سفید,https://divar.ir/v/-/wYcQEP7R
۱۴۵٬۵۰۰,1396,سفید,https://divar.ir/v/-/wYUYmlmq
۰,1401,مشکی,https://divar.ir/v/-/gY7P4NQL
۹۸٬۰۰۰,1395,نقره‌ای,https://divar.ir/v/-/gYybaz0o
۲۹۰٬۰۰۰,1392,نوک‌مدادی,https://divar.ir/v/-/wYcMUSNv
۰,1401,نوک‌مدادی,https://divar.ir/v/-/gY7bIjde
۳۵٬۱۹۰,1398,سفید,https://divar.ir/v/-/wYcMEJrk
۱۳٬۰۰۰,1400,سفید,https://divar.ir/v/-/wYcQkWxz
۳۰٬۰۰۰,1400,سفید,https://divar.ir/v/-/wYcMUIYJ
۰,1401,سفید,https://divar.ir/v/-/gYueL0jx
۱۲۰٬۰۰۰,1397,سفید,https://divar.ir/v/-/wYcMUSGQ
۲۸٬۰۰۰,1400,سفید,https://divar.ir/v/-/wYcMUSNN
۱۱۲٬۱۵۰,1395,خاکستری,https://divar.ir/v/-/wYVI8zS8
۱۱٬۳۰۰,1401,سفید,https://divar.ir/v/-/wYcIU-Cx
۹۹٬۰۱۸,1395,سفید,https://divar.ir/v/-/wYY4WKju
۰,1401,سفید,https://divar.ir/v/-/wYcMkKEF
۶۰٬۰۰۰,1397,سفید,https://divar.ir/v/-/wYcQ0Giy
Token,test
https://divar.ir/v/-/wYcQECe0,
https://divar.ir/v/-/wYcQExbr,
https://divar.ir/v/-/wYNoLBlB,
https://divar.ir/v/-/wYcMU0yU,
https://divar.ir/v/-/wYcQUOmU,
https://divar.ir/v/-/wYcME0Ig,
https://divar.ir/v/-/wYXoRa0J,
https://divar.ir/v/-/gYgml6yB,
https://divar.ir/v/-/wYcAkWTO,
https://divar.ir/v/-/wYcM0rF9,
https://divar.ir/v/-/wYcM02Oh,
https://divar.ir/v/-/wYX8lofY,
https://divar.ir/v/-/wYcojxI5,
https://divar.ir/v/-/QYjnf00Z,
https://divar.ir/v/-/gYRmLiKf,
https://divar.ir/v/-/wYcQEyDK,
https://divar.ir/v/-/wYcQEGpl,
https://divar.ir/v/-/wYcQEkuE,
https://divar.ir/v/-/wYcMEVCy,
https://divar.ir/v/-/wYcMkOyR,
https://divar.ir/v/-/wYcMkoww,
https://divar.ir/v/-/wYcMEoWY,
https://divar.ir/v/-/wYcQ0dTZ,
https://divar.ir/v/-/wYcMEmQ5,
https://divar.ir/v/-/wYJUrGXf,
https://divar.ir/v/-/wYcQ0gY6,
Token,test
https://divar.ir/v/-/wYcMU0yU,
https://divar.ir/v/-/wYcAkWTO,
https://divar.ir/v/-/wYcQEyDK,
https://divar.ir/v/-/wYcQExbr,
https://divar.ir/v/-/wYcMkoww,
https://divar.ir/v/-/wYcME0Ig,
https://divar.ir/v/-/wYcM02Oh,
https://divar.ir/v/-/wYcojxI5,
https://divar.ir/v/-/QYjnf00Z,
https://divar.ir/v/-/wYXoRa0J,
https://divar.ir/v/-/wYcQECe0,
https://divar.ir/v/-/wYcM0rF9,
https://divar.ir/v/-/wYcMkOyR,
https://divar.ir/v/-/gYgml6yB,
https://divar.ir/v/-/wYNoLBlB,
https://divar.ir/v/-/wYcQ0gY6,
https://divar.ir/v/-/wYcMEVCy,
https://divar.ir/v/-/wYJUrGXf,
https://divar.ir/v/-/wYcQUOmU,
https://divar.ir/v/-/wYcQEkuE,
https://divar.ir/v/-/wYX8lofY,
https://divar.ir/v/-/wYZwHaI4,
https://divar.ir/v/-/wYcQEGpl,
https://divar.ir/v/-/wYcQkWxz,
https://divar.ir/v/-/wYcMEmQ5,
https://divar.ir/v/-/wYcMEoWY,
https://divar.ir/v/-/gYRmLiKf,
https://divar.ir/v/-/wYcQ0dTZ,
https://divar.ir/v/-/wYUsH5Zb,
https://divar.ir/v/-/wYcIU-Cx,
https://divar.ir/v/-/wYcIELue,
https://divar.ir/v/-/wYcMEPt4,
https://divar.ir/v/-/wYc8DhPN,
https://divar.ir/v/-/wYTAhqQc,
https://divar.ir/v/-/wYWYvpyz,
https://divar.ir/v/-/wYcQ0QLf,
Token,test
https://divar.ir/v/-/wYcAkWTO,
https://divar.ir/v/-/wYNoLBlB,
https://divar.ir/v/-/wYcM02Oh,
https://divar.ir/v/-/wYcMU0yU,
https://divar.ir/v/-/wYcMkoww,
https://divar.ir/v/-/wYcojxI5,
https://divar.ir/v/-/QYjnf00Z,
https://divar.ir/v/-/wYcQUOmU,
https://divar.ir/v/-/wYcQEyDK,
https://divar.ir/v/-/wYcQExbr,
https://divar.ir/v/-/wYcM0rF9,
https://divar.ir/v/-/wYcQECe0,
https://divar.ir/v/-/wYcME0Ig,
https://divar.ir/v/-/wYX8lofY,
https://divar.ir/v/-/wYcQEkuE,
https://divar.ir/v/-/gYgml6yB,
https://divar.ir/v/-/wYcQ0gY6,
https://divar.ir/v/-/wYXoRa0J,
https://divar.ir/v/-/wYJUrGXf,
https://divar.ir/v/-/wYcMkOyR,
https://divar.ir/v/-/wYcMEVCy,
https://divar.ir/v/-/wYcMEoWY,
https://divar.ir/v/-/wYcQ0dTZ,
https://divar.ir/v/-/wYcMEmQ5,
https://divar.ir/v/-/wYcIELue,
test
پژو 405 GLi بنزینی
سیتروئن زانتیا 2000cc
سمند LX ساده
پژو پارس سال
پژو 206 تیپ ۲
پژو پارس سال
رانا پلاس
پژو 206 تیپ ۵
نیسان پاترول 2 در 4 سیلندر
پژو 206 تیپ ۲
وانت مزدا 2000 تک کابین بنزینی
ام‌وی‌ام X22 دنده‌ای اسپرت اکسلنت
دنا پلاس تیپ ۲ دنده‌ای
تارا اتوماتیک
پژو 206 تیپ ۳
پژو پارس دوگانه سوز
رنو تندر 90 E2 بنزینی
پژو 206 تیپ ۵
پژو 207i اتوماتیک
پژو 206 SD V8
زامیاد Z 24 دیزلی
سمند LX EF7 گازسوز
جک J5 اتوماتیک 1800cc
پژو 207i پانوراما دنده‌ای
test,key,value
رانا پلاس,,"برند و تیپ,وضعیت موتور,وضعیت شاسی‌ها,وضعیت بدنه,مهلت بیمهٔ شخص ثالث,گیربکس,نحوه فروش,قیمت"
سیتروئن زانتیا 2000cc,,"برند و تیپ,وضعیت موتور,وضعیت شاسی‌ها,وضعیت بدنه,مهلت بیمهٔ شخص ثالث,گیربکس,نحوه فروش,قیمت"
پژو پارس سال,,"برند و تیپ,وضعیت موتور,وضعیت شاسی‌ها,وضعیت بدنه,مهلت بیمهٔ شخص ثالث,گیربکس,نحوه فروش,قیمت"
پژو پارس سال,,"برند و تیپ,وضعیت موتور,وضعیت شاسی‌ها,وضعیت بدنه,مهلت بیمهٔ شخص ثالث,گیربکس,قیمت"
پژو 206 تیپ ۲,,"برند و تیپ,وضعیت موتور,وضعیت شاسی‌ها,وضعیت بدنه,مهلت بیمهٔ شخص ثالث,گیربکس,نحوه فروش,قیمت"
سمند LX EF7 گازسوز,,"برند و تیپ,وضعیت موتور,وضعیت شاسی‌ها,وضعیت بدنه,مهلت بیمهٔ شخص ثالث,گیربکس,نحوه فروش,قیمت"
پژو 405 GLi بنزینی,,"برند و تیپ,وضعیت موتور,وضعیت شاسی‌ها,وضعیت بدنه,مهلت بیمهٔ شخص ثالث,گیربکس,نحوه فروش,قیمت"
سمند LX ساده,,"برند و تیپ,وضعیت موتور,وضعیت شاسی‌ها,وضعیت بدنه,مهلت بیمهٔ شخص ثالث,گیربکس,نحوه فروش,قیمت"
پژو 206 تیپ ۵,,"برند و تیپ,وضعیت موتور,وضعیت شاسی‌ها,وضعیت بدنه,مهلت بیمهٔ شخص ثالث,گیربکس,نحوه فروش,قیمت"
پژو 206 تیپ ۲,,"برند و تیپ,وضعیت بدنه,گیربکس,قیمت"
وانت مزدا 2000 تک کابین بنزینی,,"برند و تیپ,وضعیت موتور,وضعیت شاسی‌ها,وضعیت بدنه,مهلت بیمهٔ شخص ثالث,گیربکس,نحوه فروش,قیمت"
نیسان پاترول 2 در 4 سیلندر,,"برند و تیپ,وضعیت موتور,وضعیت شاسی‌ها,وضعیت بدنه,مهلت بیمهٔ شخص ثالث,گیربکس,نحوه فروش,قیمت"
پژو 405 SLX بنزینی,,"برند و تیپ,وضعیت موتور,وضعیت شاسی‌ها,وضعیت بدنه,مهلت بیمهٔ شخص ثالث,گیربکس,نحوه فروش,قیمت"
دنا پلاس تیپ ۲ دنده‌ای,,"برند و تیپ,وضعیت موتور,وضعیت شاسی‌ها,وضعیت بدنه,مهلت بیمهٔ شخص ثالث,گیربکس,نحوه فروش,قیمت"
تارا اتوماتیک,,"نمایشگاه,برند و تیپ,وضعیت موتور,وضعیت شاسی‌ها,وضعیت بدنه,گیربکس,نحوه فروش,قیمت"
پژو 207i دنده‌ای,,"برند و تیپ,وضعیت موتور,وضعیت شاسی‌ها,وضعیت بدنه,گیربکس,نحوه فروش,قیمت"
پژو 206 تیپ ۵,,"برند و تیپ,وضعیت موتور,وضعیت شاسی‌ها,وضعیت بدنه,مهلت بیمهٔ شخص ثالث,گیربکس,نحوه فروش,قیمت"
پژو پارس سال,,"برند و تیپ,وضعیت موتور,وضعیت شاسی‌ها,وضعیت بدنه,مهلت بیمهٔ شخص ثالث,گیربکس,نحوه فروش,قیمت"
ام‌وی‌ام X22 دنده‌ای اسپرت اکسلنت,,"برند و تیپ,وضعیت موتور,وضعیت شاسی‌ها,وضعیت بدنه,مهلت بیمهٔ شخص ثالث,گیربکس,نحوه فروش,قیمت"
پژو 206 SD V8,,"برند و تیپ,وضعیت موتور,وضعیت شاسی‌ها,وضعیت بدنه,مهلت بیمهٔ شخص ثالث,گیربکس,نحوه فروش,قیمت"
رنو تندر 90 E2 بنزینی,,"برند و تیپ,وضعیت موتور,وضعیت شاسی‌ها,وضعیت بدنه,گیربکس,نحوه فروش,قیمت"
پژو 207i اتوماتیک,,"برند و تیپ,وضعیت موتور,وضعیت شاسی‌ها,وضعیت بدنه,مهلت بیمهٔ شخص ثالث,گیربکس,نحوه فروش,قیمت"
پژو پارس دوگانه سوز,,"برند و تیپ,وضعیت موتور,وضعیت شاسی‌ها,وضعیت بدنه,مهلت بیمهٔ شخص ثالث,گیربکس,نحوه فروش,قیمت"
پژو 206 تیپ ۳,,"نمایشگاه,برند و تیپ,وضعیت موتور,وضعیت شاسی‌ها,وضعیت بدنه,مهلت بیمهٔ شخص ثالث,گیربکس,نحوه فروش,قیمت"
جک J5 اتوماتیک 1800cc,,"نمایشگاه,برند و تیپ,وضعیت موتور,وضعیت شاسی‌ها,وضعیت بدنه,مهلت بیمهٔ شخص ثالث,گیربکس,نحوه فروش,قیمت"
سمند LX ساده,,"برند و تیپ,وضعیت موتور,وضعیت شاسی‌ها,وضعیت بدنه,مهلت بیمهٔ شخص ثالث,گیربکس,نحوه فروش,قیمت"
پژو پارس سال,,"برند و تیپ,وضعیت موتور,وضعیت شاسی‌ها,وضعیت بدنه,مهلت بیمهٔ شخص ثالث,گیربکس,نحوه فروش,قیمت"
زامیاد Z 24 دیزلی,,"برند و تیپ,وضعیت شاسی‌ها,وضعیت بدنه,مهلت بیمهٔ شخص ثالث,گیربکس,نحوه فروش,قیمت"
پژو 207i پانوراما دنده‌ای,,"برند و تیپ,وضعیت موتور,وضعیت شاسی‌ها,وضعیت بدنه,مهلت بیمهٔ شخص ثالث,گیربکس,نحوه فروش,قیمت"
پژو پارس سال,,"برند و تیپ,وضعیت موتور,وضعیت شاسی‌ها,وضعیت بدنه,مهلت بیمهٔ شخص ثالث,گیربکس,نحوه فروش,قیمت"
پژو پارس LX TU5,,"برند و تیپ,وضعیت موتور,وضعیت شاسی‌ها,وضعیت بدنه,مهلت بیمهٔ شخص ثالث,گیربکس,نحوه فروش,قیمت"
سمند سورن ELX,,"برند و تیپ,وضعیت موتور,وضعیت شاسی‌ها,وضعیت بدنه,مهلت بیمهٔ شخص ثالث,گیربکس,نحوه فروش,قیمت"
کوییک دنده‌ای S,,"برند و تیپ,وضعیت موتور,وضعیت شاسی‌ها,وضعیت بدنه,مهلت بیمهٔ شخص ثالث,گیربکس,نحوه فروش,قیمت"
جیلی GC6 اکسلنت,,"برند و تیپ,وضعیت موتور,وضعیت شاسی‌ها,وضعیت بدنه,مهلت بیمهٔ شخص ثالث,گیربکس,نحوه فروش,قیمت"
پژو پارس سال,,"برند و تیپ,وضعیت موتور,وضعیت شاسی‌ها,وضعیت بدنه,مهلت بیمهٔ شخص ثالث,گیربکس,نحوه فروش,قیمت"
ام‌وی‌ام X22 دنده‌ای لاکچری,,"نمایشگاه,برند و تیپ,وضعیت موتور,وضعیت شاسی‌ها,وضعیت بدنه,مهلت بیمهٔ شخص ثالث,گیربکس,نحوه فروش,قیمت"
چری آریزو 5IE جدید توربو,,"نمایشگاه,برند و تیپ,وضعیت موتور,وضعیت شاسی‌ها,وضعیت بدنه,مهلت بیمهٔ شخص ثالث,گیربکس,نحوه فروش,قیمت"
پژو پارس سال,,"برند و تیپ,وضعیت موتور,وضعیت شاسی‌ها,وضعیت بدنه,مهلت بیمهٔ شخص ثالث,گیربکس,نحوه فروش,قیمت"
پژو 206 SD V8,,"برند و تیپ,وضعیت موتور,وضعیت شاسی‌ها,وضعیت بدنه,مهلت بیمهٔ شخص ثالث,گیربکس,نحوه فروش,قیمت"
دنا معمولی تیپ ۱,,"فروشنده,برند و تیپ,وضعیت موتور,وضعیت شاسی‌ها,وضعیت بدنه,مهلت بیمهٔ شخص ثالث,گیربکس,نحوه فروش,قیمت"
سمند LX EF7 گازسوز,,"برند و تیپ,وضعیت موتور,وضعیت شاسی‌ها,وضعیت بدنه,مهلت بیمهٔ شخص ثالث,گیربکس,نحوه فروش,قیمت"
رانا پلاس,,"برند و تیپ,وضعیت موتور,وضعیت شاسی‌ها,وضعیت بدنه,مهلت بیمهٔ شخص ثالث,گیربکس,نحوه فروش,قیمت"
test,key,value
سمند LX EF7 گازسوز,برند و تیپ,سالم
رانا پلاس,برند و تیپ,سالم
پژو 206 تیپ ۲,برند و تیپ,سالم
پژو پارس سال,برند و تیپ,سالم
پژو 405 GLi بنزینی,برند و تیپ,سالم
پژو پارس سال,برند و تیپ,سالم
سیتروئن زانتیا 2000cc,برند و تیپ,سالم
نیسان پاترول 2 در 4 سیلندر,برند و تیپ,سالم
پژو 405 SLX بنزینی,برند و تیپ,سالم
پژو 206 تیپ ۲,برند و تیپ,سالم و بی‌خط و خش
پژو 207i دنده‌ای,برند و تیپ,سالم
پژو 206 تیپ ۵,برند و تیپ,سالم
پژو 207i اتوماتیک,برند و تیپ,سالم
تارا اتوماتیک,نمایشگاه,سالم
رنو تندر 90 E2 بنزینی,برند و تیپ,سالم
پژو پارس دوگانه سوز,برند و تیپ,سالم
پژو 206 تیپ ۵,برند و تیپ,سالم
پژو پارس سال,برند و تیپ,سالم
ام‌وی‌ام X22 دنده‌ای اسپرت اکسلنت,برند و تیپ,سالم
وانت مزدا 2000 تک کابین بنزینی,برند و تیپ,سالم
زامیاد Z 24 دیزلی,برند و تیپ,سالم و پلمپ
سمند LX ساده,برند و تیپ,سالم
جک J5 اتوماتیک 1800cc,نمایشگاه,سالم
دنا پلاس تیپ ۲ دنده‌ای,برند و تیپ,سالم
سمند LX ساده,برند و تیپ,سالم
پژو 206 تیپ ۳,نمایشگاه,سالم
پژو 207i پانوراما دنده‌ای,برند و تیپ,سالم
ساینا دنده‌ای S,برند و تیپ,سالم
پژو 206 SD V8,برند و تیپ,سالم
پژو 206 تیپ ۲,فروشنده,سالم
کوییک دنده‌ای S,برند و تیپ,سالم
جیلی GC6 اکسلنت,برند و تیپ,سالم
جک J5 اتوماتیک 1800cc,فروشنده,سالم
پژو پارس سال,برند و تیپ,سالم
پژو پارس سال,برند و تیپ,سالم
ام‌وی‌ام X55 Pro اکسلنت اسپرت,نمایشگاه,سالم
چری آریزو 5IE جدید توربو,نمایشگاه,سالم
پژو پارس سال,برند و تیپ,سالم
پژو 206 SD V8,برند و تیپ,سالم
ام‌وی‌ام 530,برند و تیپ,سالم
test,key,value
سیتروئن زانتیا 2000cc,"برند و تیپ,وضعیت موتور,وضعیت شاسی‌ها,وضعیت بدنه,مهلت بیمهٔ شخص ثالث,گیربکس,نحوه فروش,قیمت","سالم,سالم و پلمپ,رنگ‌شدگی، در ۱ ناحیه,۱۲ ماه,دنده‌ای,نقدی,۲۵۰٬۰۰۰٬۰۰۰ تومان"
رانا پلاس,"برند و تیپ,وضعیت موتور,وضعیت شاسی‌ها,وضعیت بدنه,مهلت بیمهٔ شخص ثالث,گیربکس,نحوه فروش,قیمت","سالم,سالم و پلمپ,سالم و بی‌خط و خش,۴ ماه,دنده‌ای,نقدی,۲۷۰٬۰۰۰٬۰۰۰ تومان"
پژو 206 تیپ ۲,"برند و تیپ,وضعیت موتور,وضعیت شاسی‌ها,وضعیت بدنه,مهلت بیمهٔ شخص ثالث,گیربکس,نحوه فروش,قیمت","سالم,سالم و پلمپ,صافکاری بی‌رنگ,۱۰ ماه,دنده‌ای,نقدی,۲۵۰٬۰۰۰٬۰۰۰ تومان"
پژو پارس سال,"برند و تیپ,وضعیت موتور,وضعیت شاسی‌ها,وضعیت بدنه,مهلت بیمهٔ شخص ثالث,گیربکس,قیمت","سالم,سالم و پلمپ,سالم و بی‌خط و خش,۴ ماه,دنده‌ای,۲۵۴٬۰۰۰٬۰۰۰ تومان"
سمند LX ساده,"برند و تیپ,وضعیت موتور,وضعیت شاسی‌ها,وضعیت بدنه,مهلت بیمهٔ شخص ثالث,گیربکس,نحوه فروش,قیمت","سالم,سالم و پلمپ,صافکاری بی‌رنگ,۲ ماه,دنده‌ای,نقدی,۲۶۰٬۰۰۰٬۰۰۰ تومان"
سمند LX EF7 گازسوز,"برند و تیپ,وضعیت موتور,وضعیت شاسی‌ها,وضعیت بدنه,مهلت بیمهٔ شخص ثالث,گیربکس,نحوه فروش,قیمت","سالم,سالم و پلمپ,سالم و بی‌خط و خش,۴ ماه,دنده‌ای,نقدی,۲۸۰٬۰۰۰٬۰۰۰ تومان"
نیسان پاترول 2 در 4 سیلندر,"برند و تیپ,وضعیت موتور,وضعیت شاسی‌ها,وضعیت بدنه,مهلت بیمهٔ شخص ثالث,گیربکس,نحوه فروش,قیمت","سالم,سالم و پلمپ,دوررنگ,۶ ماه,دنده‌ای,نقدی,۲۶۰٬۰۰۰٬۰۰۰ تومان"
پژو 206 تیپ ۵,"برند و تیپ,وضعیت موتور,وضعیت شاسی‌ها,وضعیت بدنه,مهلت بیمهٔ شخص ثالث,گیربکس,نحوه فروش,قیمت","سالم,سالم و پلمپ,سالم و بی‌خط و خش,۱۲ ماه,دنده‌ای,نقدی,۲۶۰٬۰۰۰٬۰۰۰ تومان"
پژو 207i دنده‌ای,"برند و تیپ,وضعیت موتور,وضعیت شاسی‌ها,وضعیت بدنه,گیربکس,نحوه فروش,قیمت","سالم,سالم و پلمپ,سالم و بی‌خط و خش,دنده‌ای,نقدی,۴۰۰٬۰۰۰٬۰۰۰ تومان"
پژو 207i اتوماتیک,"برند و تیپ,وضعیت موتور,وضعیت شاسی‌ها,وضعیت بدنه,مهلت بیمهٔ شخص ثالث,گیربکس,نحوه فروش,قیمت","سالم,سالم و پلمپ,خط و خش جزیی,۱۲ ماه,اتوماتیک,نقدی,۳۷۰٬۰۰۰٬۰۰۰ تومان"
پژو 206 تیپ ۲,"برند و تیپ,وضعیت بدنه,گیربکس,قیمت","سالم و بی‌خط و خش,دنده‌ای,۲۸۷٬۰۰۰٬۰۰۰ تومان"
پژو 405 SLX بنزینی,"برند و تیپ,وضعیت موتور,وضعیت شاسی‌ها,وضعیت بدنه,مهلت بیمهٔ شخص ثالث,گیربکس,نحوه فروش,قیمت","سالم,سالم و پلمپ,سالم و بی‌خط و خش,۷ ماه,دنده‌ای,نقدی,۲۷۰٬۰۰۰٬۰۰۰ تومان"
ام‌وی‌ام X22 دنده‌ای اسپرت اکسلنت,"برند و تیپ,وضعیت موتور,وضعیت شاسی‌ها,وضعیت بدنه,مهلت بیمهٔ شخص ثالث,گیربکس,نحوه فروش,قیمت","سالم,سالم و پلمپ,خط و خش جزیی,۶ ماه,دنده‌ای,نقدی,۳۸۸٬۰۰۰٬۰۰۰ تومان"
وانت مزدا 2000 تک کابین بنزینی,"برند و تیپ,وضعیت موتور,وضعیت شاسی‌ها,وضعیت بدنه,مهلت بیمهٔ شخص ثالث,گیربکس,نحوه فروش,قیمت","سالم,سالم و پلمپ,خط و خش جزیی,۱۰ ماه,دنده‌ای,نقدی,۲۱۵٬۰۰۰٬۰۰۰ تومان"
پژو پارس دوگانه سوز,"برند و تیپ,وضعیت موتور,وضعیت شاسی‌ها,وضعیت بدنه,مهلت بیمهٔ شخص ثالث,گیربکس,نحوه فروش,قیمت","سالم,سالم و پلمپ,سالم و بی‌خط و خش,۱۱ ماه,دنده‌ای,نقدی,۲۸۵٬۰۰۰٬۰۰۰ تومان"
پژو 206 تیپ ۳,"نمایشگاه,برند و تیپ,وضعیت موتور,وضعیت شاسی‌ها,وضعیت بدنه,مهلت بیمهٔ شخص ثالث,گیربکس,نحوه فروش,قیمت","سالم,سالم و پلمپ,سالم و بی‌خط و خش,۱۲ ماه,دنده‌ای,قسطی,۲۰۰٬۰۰۰٬۰۰۰ تومان"
پژو 405 GLi بنزینی,"برند و تیپ,وضعیت موتور,وضعیت شاسی‌ها,وضعیت بدنه,مهلت بیمهٔ شخص ثالث,گیربکس,نحوه فروش,قیمت","سالم,سالم و پلمپ,سالم و بی‌خط و خش,۶ ماه,دنده‌ای,نقدی,۲۳۵٬۰۰۰٬۰۰۰ تومان"
پژو 206 تیپ ۵,"برند و تیپ,وضعیت موتور,وضعیت شاسی‌ها,وضعیت بدنه,مهلت بیمهٔ شخص ثالث,گیربکس,نحوه فروش,قیمت","سالم,سالم و پلمپ,رنگ‌شدگی,۱۲ ماه,دنده‌ای,نقدی,۲۳۸٬۰۰۰٬۰۰۰ تومان"
پژو پارس سال,"برند و تیپ,وضعیت موتور,وضعیت شاسی‌ها,وضعیت بدنه,مهلت بیمهٔ شخص ثالث,گیربکس,نحوه فروش,قیمت","سالم,سالم و پلمپ,سالم و بی‌خط و خش,۴ ماه,دنده‌ای,نقدی,۲۸۰٬۰۰۰٬۰۰۰ تومان"
پژو 206 SD V8,"برند و تیپ,وضعیت موتور,وضعیت شاسی‌ها,وضعیت بدنه,مهلت بیمهٔ شخص ثالث,گیربکس,نحوه فروش,قیمت","سالم,سالم و پلمپ,سالم و بی‌خط و خش,۱۰ ماه,دنده‌ای,نقدی,۳۳۰٬۰۰۰٬۰۰۰ تومان"
پژو پارس سال,"برند و تیپ,وضعیت موتور,وضعیت شاسی‌ها,وضعیت بدنه,مهلت بیمهٔ شخص ثالث,گیربکس,نحوه فروش,قیمت","سالم,سالم و پلمپ,سالم و بی‌خط و خش,۴ ماه,دنده‌ای,نقدی,۲۴۲٬۰۰۰٬۰۰۰ تومان"
سمند LX ساده,"برند و تیپ,وضعیت موتور,وضعیت شاسی‌ها,وضعیت بدنه,مهلت بیمهٔ شخص ثالث,گیربکس,نحوه فروش,قیمت","سالم,سالم و پلمپ,صافکاری بی‌رنگ,۱ ماه,دنده‌ای,نقدی,۲۷۵٬۰۰۰٬۰۰۰ تومان"
دنا پلاس تیپ ۲ دنده‌ای,"برند و تیپ,وضعیت موتور,وضعیت شاسی‌ها,وضعیت بدنه,مهلت بیمهٔ شخص ثالث,گیربکس,نحوه فروش,قیمت","سالم,سالم و پلمپ,سالم و بی‌خط و خش,۸ ماه,دنده‌ای,نقدی,۳۷۰٬۰۰۰٬۰۰۰ تومان"
تارا اتوماتیک,"نمایشگاه,برند و تیپ,وضعیت موتور,وضعیت شاسی‌ها,وضعیت بدنه,گیربکس,نحوه فروش,قیمت","سالم,سالم و پلمپ,سالم و بی‌خط و خش,اتوماتیک,قسطی,۲۶۳٬۹۰۰٬۰۰۰ تومان"
رنو تندر 90 E2 بنزینی,"برند و تیپ,وضعیت موتور,وضعیت شاسی‌ها,وضعیت بدنه,گیربکس,نحوه فروش,قیمت","سالم,سالم و پلمپ,سالم و بی‌خط و خش,دنده‌ای,نقدی,۳۹۰٬۰۰۰٬۰۰۰ تومان"




test
"[['برند و تیپ', 'وضعیت موتور', 'وضعیت شاسی\u200cها', 'وضعیت بدنه', 'مهلت بیمهٔ شخص ثالث', 'گیربکس', 'نحوه فروش', 'قیمت'], ['سالم', 'سالم و پلمپ', 'سالم و بی\u200cخط و خش', '۴ ماه', 'دنده\u200cای', 'نقدی', '۲۷۰٬۰۰۰٬۰۰۰ تومان']]"
"[['برند و تیپ', 'وضعیت موتور', 'وضعیت شاسی\u200cها', 'وضعیت بدنه', 'مهلت بیمهٔ شخص ثالث', 'گیربکس', 'نحوه فروش', 'قیمت'], ['سالم', 'سالم و پلمپ', 'صافکاری بی\u200cرنگ', '۱۰ ماه', 'دنده\u200cای', 'نقدی', '۲۵۰٬۰۰۰٬۰۰۰ تومان']]"
"[['برند و تیپ', 'وضعیت موتور', 'وضعیت شاسی\u200cها', 'وضعیت بدنه', 'مهلت بیمهٔ شخص ثالث', 'گیربکس', 'نحوه فروش', 'قیمت'], ['سالم', 'سالم و پلمپ', 'سالم و بی\u200cخط و خش', '۶ ماه', 'دنده\u200cای', 'نقدی', '۲۳۵٬۰۰۰٬۰۰۰ تومان']]"
"[['برند و تیپ', 'وضعیت موتور', 'وضعیت شاسی\u200cها', 'وضعیت بدنه', 'مهلت بیمهٔ شخص ثالث', 'گیربکس', 'نحوه فروش', 'قیمت'], ['سالم', 'سالم و پلمپ', 'صافکاری بی\u200cرنگ', '۲ ماه', 'دنده\u200cای', 'نقدی', '۲۶۰٬۰۰۰٬۰۰۰ تومان']]"
"[['برند و تیپ', 'وضعیت موتور', 'وضعیت شاسی\u200cها', 'وضعیت بدنه', 'مهلت بیمهٔ شخص ثالث', 'گیربکس', 'قیمت'], ['سالم', 'سالم و پلمپ', 'سالم و بی\u200cخط و خش', '۴ ماه', 'دنده\u200cای', '۲۵۴٬۰۰۰٬۰۰۰ تومان']]"
"[['برند و تیپ', 'وضعیت موتور', 'وضعیت شاسی\u200cها', 'وضعیت بدنه', 'مهلت بیمهٔ شخص ثالث', 'گیربکس', 'نحوه فروش', 'قیمت'], ['سالم', 'سالم و پلمپ', 'دوررنگ', '۶ ماه', 'دنده\u200cای', 'نقدی', '۲۶۰٬۰۰۰٬۰۰۰ تومان']]"
"[['برند و تیپ', 'وضعیت موتور', 'وضعیت شاسی\u200cها', 'وضعیت بدنه', 'مهلت بیمهٔ شخص ثالث', 'گیربکس', 'نحوه فروش', 'قیمت'], ['سالم', 'سالم و پلمپ', 'سالم و بی\u200cخط و خش', '۱۲ ماه', 'دنده\u200cای', 'نقدی', '۲۶۰٬۰۰۰٬۰۰۰ تومان']]"
"[['برند و تیپ', 'وضعیت موتور', 'وضعیت شاسی\u200cها', 'وضعیت بدنه', 'گیربکس', 'نحوه فروش', 'قیمت'], ['سالم', 'سالم و پلمپ', 'سالم و بی\u200cخط و خش', 'دنده\u200cای', 'نقدی', '۴۰۰٬۰۰۰٬۰۰۰ تومان']]"
"[['برند و تیپ', 'وضعیت موتور', 'وضعیت شاسی\u200cها', 'وضعیت بدنه', 'مهلت بیمهٔ شخص ثالث', 'گیربکس', 'نحوه فروش', 'قیمت'], ['سالم', 'سالم و پلمپ', 'خط و خش جزیی', '۱۰ ماه', 'دنده\u200cای', 'نقدی', '۲۱۵٬۰۰۰٬۰۰۰ تومان']]"
"[['برند و تیپ', 'وضعیت موتور', 'وضعیت شاسی\u200cها', 'وضعیت بدنه', 'مهلت بیمهٔ شخص ثالث', 'گیربکس', 'نحوه فروش', 'قیمت'], ['سالم', 'سالم و پلمپ', 'سالم و بی\u200cخط و خش', '۴ ماه', 'دنده\u200cای', 'نقدی', '۲۴۲٬۰۰۰٬۰۰۰ تومان']]"
"[['برند و تیپ', 'وضعیت موتور', 'وضعیت شاسی\u200cها', 'وضعیت بدنه', 'مهلت بیمهٔ شخص ثالث', 'گیربکس', 'نحوه فروش', 'قیمت'], ['سالم', 'سالم و پلمپ', 'خط و خش جزیی', '۶ ماه', 'دنده\u200cای', 'نقدی', '۳۸۸٬۰۰۰٬۰۰۰ تومان']]"
"[['برند و تیپ', 'وضعیت موتور', 'وضعیت شاسی\u200cها', 'وضعیت بدنه', 'مهلت بیمهٔ شخص ثالث', 'گیربکس', 'نحوه فروش', 'قیمت'], ['سالم', 'سالم و پلمپ', 'سالم و بی\u200cخط و خش', '۸ ماه', 'دنده\u200cای', 'نقدی', '۳۷۰٬۰۰۰٬۰۰۰ تومان']]"
"[['برند و تیپ', 'وضعیت موتور', 'وضعیت شاسی\u200cها', 'وضعیت بدنه', 'مهلت بیمهٔ شخص ثالث', 'گیربکس', 'نحوه فروش', 'قیمت'], ['سالم', 'سالم و پلمپ', 'سالم و بی\u200cخط و خش', '۴ ماه', 'دنده\u200cای', 'نقدی', '۲۸۰٬۰۰۰٬۰۰۰ تومان']]"
"[['نمایشگاه', 'برند و تیپ', 'وضعیت موتور', 'وضعیت شاسی\u200cها', 'وضعیت بدنه', 'گیربکس', 'نحوه فروش', 'قیمت'], ['سالم', 'سالم و پلمپ', 'سالم و بی\u200cخط و خش', 'اتوماتیک', 'قسطی', '۲۶۳٬۹۰۰٬۰۰۰ تومان']]"
"[['برند و تیپ', 'وضعیت موتور', 'وضعیت شاسی\u200cها', 'وضعیت بدنه', 'مهلت بیمهٔ شخص ثالث', 'گیربکس', 'نحوه فروش', 'قیمت'], ['سالم', 'سالم و پلمپ', 'رنگ\u200cشدگی، در ۱ ناحیه', '۱۲ ماه', 'دنده\u200cای', 'نقدی', '۲۵۰٬۰۰۰٬۰۰۰ تومان']]"
"[['برند و تیپ', 'وضعیت بدنه', 'گیربکس', 'قیمت'], ['سالم و بی\u200cخط و خش', 'دنده\u200cای', '۲۸۷٬۰۰۰٬۰۰۰ تومان']]"
"[['نمایشگاه', 'برند و تیپ', 'وضعیت موتور', 'وضعیت شاسی\u200cها', 'وضعیت بدنه', 'مهلت بیمهٔ شخص ثالث', 'گیربکس', 'نحوه فروش', 'قیمت'], ['سالم', 'سالم و پلمپ', 'سالم و بی\u200cخط و خش', '۱۲ ماه', 'دنده\u200cای', 'قسطی', '۲۰۰٬۰۰۰٬۰۰۰ تومان']]"
"[['برند و تیپ', 'وضعیت موتور', 'وضعیت شاسی\u200cها', 'وضعیت بدنه', 'مهلت بیمهٔ شخص ثالث', 'گیربکس', 'نحوه فروش', 'قیمت'], ['سالم', 'سالم و پلمپ', 'سالم و بی\u200cخط و خش', '۱۱ ماه', 'دنده\u200cای', 'نقدی', '۲۸۵٬۰۰۰٬۰۰۰ تومان']]"
"[['برند و تیپ', 'وضعیت موتور', 'وضعیت شاسی\u200cها', 'وضعیت بدنه', 'گیربکس', 'نحوه فروش', 'قیمت'], ['سالم', 'سالم و پلمپ', 'سالم و بی\u200cخط و خش', 'دنده\u200cای', 'نقدی', '۳۹۰٬۰۰۰٬۰۰۰ تومان']]"
"[['برند و تیپ', 'وضعیت موتور', 'وضعیت شاسی\u200cها', 'وضعیت بدنه', 'مهلت بیمهٔ شخص ثالث', 'گیربکس', 'نحوه فروش', 'قیمت'], ['سالم', 'سالم و پلمپ', 'سالم و بی\u200cخط و خش', '۷ ماه', 'دنده\u200cای', 'نقدی', '۲۷۰٬۰۰۰٬۰۰۰ تومان']]"
"[['برند و تیپ', 'وضعیت موتور', 'وضعیت شاسی\u200cها', 'وضعیت بدنه', 'مهلت بیمهٔ شخص ثالث', 'گیربکس', 'نحوه فروش', 'قیمت'], ['سالم', 'سالم و پلمپ', 'رنگ\u200cشدگی', '۱۲ ماه', 'دنده\u200cای', 'نقدی', '۲۳۸٬۰۰۰٬۰۰۰ تومان']]"
"[['برند و تیپ', 'وضعیت موتور', 'وضعیت شاسی\u200cها', 'وضعیت بدنه', 'مهلت بیمهٔ شخص ثالث', 'گیربکس', 'نحوه فروش', 'قیمت'], ['سالم', 'سالم و پلمپ', 'سالم و بی\u200cخط و خش', '۱۰ ماه', 'دنده\u200cای', 'نقدی', '۳۳۰٬۰۰۰٬۰۰۰ تومان']]"
"[['برند و تیپ', 'وضعیت موتور', 'وضعیت شاسی\u200cها', 'وضعیت بدنه', 'مهلت بیمهٔ شخص ثالث', 'گیربکس', 'نحوه فروش', 'قیمت'], ['سالم', 'سالم و پلمپ', 'خط و خش جزیی', '۱۲ ماه', 'اتوماتیک', 'نقدی', '۳۷۰٬۰۰۰٬۰۰۰ تومان']]"
"[['برند و تیپ', 'وضعیت شاسی\u200cها', 'وضعیت بدنه', 'مهلت بیمهٔ شخص ثالث', 'گیربکس', 'نحوه فروش', 'قیمت'], ['سالم و پلمپ', 'رنگ\u200cشدگی', '۲ ماه', 'دنده\u200cای', 'نقدی و قسطی', '۲۷۰٬۰۰۰٬۰۰۰ تومان']]"
"[['برند و تیپ', 'وضعیت موتور', 'وضعیت شاسی\u200cها', 'وضعیت بدنه', 'مهلت بیمهٔ شخص ثالث', 'گیربکس', 'نحوه فروش', 'قیمت'], ['سالم', 'سالم و پلمپ', 'سالم و بی\u200cخط و خش', '۱۱ ماه', 'دنده\u200cای', 'نقدی', '۲۴۶٬۰۰۰٬۰۰۰ تومان']]"
"[['نمایشگاه', 'برند و تیپ', 'وضعیت موتور', 'وضعیت شاسی\u200cها', 'وضعیت بدنه', 'مهلت بیمهٔ شخص ثالث', 'گیربکس', 'نحوه فروش', 'قیمت'], ['سالم', 'سالم و پلمپ', 'رنگ\u200cشدگی', '۶ ماه', 'اتوماتیک', 'نقدی', '۳۴۷٬۰۰۰٬۰۰۰ تومان']]"
"[['برند و تیپ', 'وضعیت موتور', 'وضعیت شاسی\u200cها', 'وضعیت بدنه', 'مهلت بیمهٔ شخص ثالث', 'گیربکس', 'نحوه فروش', 'قیمت'], ['سالم', 'سالم و پلمپ', 'سالم و بی\u200cخط و خش', '۱۲ ماه', 'دنده\u200cای', 'نقدی', '۲۹۰٬۰۰۰٬۰۰۰ تومان']]"
"[['برند و تیپ', 'وضعیت موتور', 'وضعیت شاسی\u200cها', 'وضعیت بدنه', 'مهلت بیمهٔ شخص ثالث', 'گیربکس', 'نحوه فروش', 'قیمت'], ['سالم', 'سالم و پلمپ', 'صافکاری بی\u200cرنگ', '۱ ماه', 'دنده\u200cای', 'نقدی', '۲۷۵٬۰۰۰٬۰۰۰ تومان']]"
"[['برند و تیپ', 'وضعیت موتور', 'وضعیت شاسی\u200cها', 'وضعیت بدنه', 'مهلت بیمهٔ شخص ثالث', 'گیربکس', 'نحوه فروش', 'قیمت'], ['سالم', 'سالم و پلمپ', 'خط و خش جزیی', '۱۲ ماه', 'دنده\u200cای', 'نقدی', '۳۷۰٬۰۰۰٬۰۰۰ تومان']]"
"[['فروشنده', 'برند و تیپ', 'وضعیت موتور', 'وضعیت شاسی\u200cها', 'وضعیت بدنه', 'مهلت بیمهٔ شخص ثالث', 'گیربکس', 'نحوه فروش', 'قیمت'], ['سالم', 'سالم و پلمپ', 'سالم و بی\u200cخط و خش', '۷ ماه', 'دنده\u200cای', 'نقدی و قسطی', '۲۸۹٬۰۰۰٬۰۰۰ تومان']]"
"[['برند و تیپ', 'وضعیت موتور', 'وضعیت شاسی\u200cها', 'وضعیت بدنه', 'مهلت بیمهٔ شخص ثالث', 'گیربکس', 'نحوه فروش', 'قیمت'], ['سالم', 'سالم و پلمپ', 'سالم و بی\u200cخط و خش', '۴ ماه', 'اتوماتیک', 'نقدی', '۳۷۹٬۰۰۰٬۰۰۰ تومان']]"
"[['برند و تیپ', 'وضعیت موتور', 'وضعیت شاسی\u200cها', 'وضعیت بدنه', 'مهلت بیمهٔ شخص ثالث', 'گیربکس', 'نحوه فروش', 'قیمت'], ['سالم', 'سالم و پلمپ', 'سالم و بی\u200cخط و خش', '۱۲ ماه', 'دنده\u200cای', 'نقدی', '۲۱۷٬۰۰۰٬۰۰۰ تومان']]"
"[['برند و تیپ', 'وضعیت موتور', 'وضعیت شاسی\u200cها', 'وضعیت بدنه', 'مهلت بیمهٔ شخص ثالث', 'گیربکس', 'نحوه فروش', 'قیمت'], ['سالم', 'سالم و پلمپ', 'سالم و بی\u200cخط و خش', '۸ ماه', 'دنده\u200cای', 'نقدی', '۲۱۰٬۰۰۰٬۰۰۰ تومان']]"
"[['برند و تیپ', 'وضعیت موتور', 'وضعیت شاسی\u200cها', 'وضعیت بدنه', 'مهلت بیمهٔ شخص ثالث', 'گیربکس', 'نحوه فروش', 'قیمت'], ['سالم', 'سالم و پلمپ', 'سالم و بی\u200cخط و خش', '۱۰ ماه', 'دنده\u200cای', 'نقدی', '۲۷۸٬۰۰۰٬۰۰۰ تومان']]"
"[['فروشنده', 'برند و تیپ', 'وضعیت موتور', 'وضعیت بدنه', 'مهلت بیمهٔ شخص ثالث', 'گیربکس', 'نحوه فروش', 'قیمت'], ['سالم', 'رنگ\u200cشدگی', '۸ ماه', 'اتوماتیک', 'نقدی و قسطی', '۳۷۰٬۰۰۰٬۰۰۰ تومان']]"
"[['برند و تیپ', 'وضعیت موتور', 'وضعیت شاسی\u200cها', 'وضعیت بدنه', 'مهلت بیمهٔ شخص ثالث', 'گیربکس', 'نحوه فروش', 'قیمت'], ['سالم', 'سالم و پلمپ', 'خط و خش جزیی', '۶ ماه', 'دنده\u200cای', 'نقدی', '۲۶۵٬۰۰۰٬۰۰۰ تومان']]"
"[['برند و تیپ', 'وضعیت موتور', 'وضعیت شاسی\u200cها', 'وضعیت بدنه', 'مهلت بیمهٔ شخص ثالث', 'گیربکس', 'نحوه فروش', 'قیمت'], ['سالم', 'سالم و پلمپ', 'سالم و بی\u200cخط و خش', '۴ ماه', 'دنده\u200cای', 'نقدی', '۲۸۰٬۰۰۰٬۰۰۰ تومان']]"
"[['نمایشگاه', 'برند و تیپ', 'وضعیت موتور', 'وضعیت شاسی\u200cها', 'وضعیت بدنه', 'مهلت بیمهٔ شخص ثالث', 'گیربکس', 'نحوه فروش', 'قیمت'], ['سالم', 'سالم و پلمپ', 'سالم و بی\u200cخط و خش', '۱۲ ماه', 'اتوماتیک', 'قسطی', '۳۸۱٬۰۰۰٬۰۰۰ تومان']]"
"[['نمایشگاه', 'برند و تیپ', 'وضعیت موتور', 'وضعیت شاسی\u200cها', 'وضعیت بدنه', 'مهلت بیمهٔ شخص ثالث', 'گیربکس', 'نحوه فروش', 'قیمت'], ['سالم', 'سالم و پلمپ', 'سالم و بی\u200cخط و خش', '۱۲ ماه', 'اتوماتیک', 'قسطی', '۳۸۰٬۰۰۰٬۰۰۰ تومان']]"
"[['برند و تیپ', 'وضعیت موتور', 'وضعیت شاسی\u200cها', 'وضعیت بدنه', 'مهلت بیمهٔ شخص ثالث', 'گیربکس', 'نحوه فروش', 'قیمت'], ['سالم', 'سالم و پلمپ', 'سالم و بی\u200cخط و خش', '۱۱ ماه', 'دنده\u200cای', 'نقدی', '۲۳۲٬۵۰۰٬۰۰۰ تومان']]"
"[['برند و تیپ', 'وضعیت موتور', 'وضعیت شاسی\u200cها', 'وضعیت بدنه', 'مهلت بیمهٔ شخص ثالث', 'قیمت'], ['سالم', 'سالم و پلمپ', 'سالم و بی\u200cخط و خش', '۴ ماه', '۲۲۰٬۰۰۰٬۰۰۰ تومان']]"
"[['برند و تیپ', 'وضعیت موتور', 'وضعیت شاسی\u200cها', 'وضعیت بدنه', 'مهلت بیمهٔ شخص ثالث', 'گیربکس', 'نحوه فروش', 'قیمت'], ['سالم', 'سالم و پلمپ', 'رنگ\u200cشدگی', '۱۲ ماه', 'دنده\u200cای', 'نقدی', '۳۵۷٬۰۰۰٬۰۰۰ تومان']]"
"[['برند و تیپ', 'وضعیت موتور', 'وضعیت شاسی\u200cها', 'وضعیت بدنه', 'مهلت بیمهٔ شخص ثالث', 'گیربکس', 'نحوه فروش', 'قیمت'], ['سالم', 'سالم و پلمپ', 'سالم و بی\u200cخط و خش', '۱۱ ماه', 'دنده\u200cای', 'نقدی', '۲۶۸٬۰۰۰٬۰۰۰ تومان']]"
"[['نمایشگاه', 'برند و تیپ', 'وضعیت موتور', 'وضعیت شاسی\u200cها', 'وضعیت بدنه', 'مهلت بیمهٔ شخص ثالث', 'گیربکس', 'نحوه فروش', 'قیمت'], ['سالم', 'سالم و پلمپ', 'سالم و بی\u200cخط و خش', '۱۲ ماه', 'دنده\u200cای', 'قسطی', '۲۴۳٬۰۰۰٬۰۰۰ تومان']]"
"[['برند و تیپ', 'وضعیت موتور', 'وضعیت شاسی\u200cها', 'وضعیت بدنه', 'مهلت بیمهٔ شخص ثالث', 'گیربکس', 'نحوه فروش', 'قیمت'], ['سالم', 'سالم و پلمپ', 'سالم و بی\u200cخط و خش', '۱۲ ماه', 'دنده\u200cای', 'نقدی', '۲۵۶٬۰۰۰٬۰۰۰ تومان']]"
"[['برند و تیپ', 'وضعیت موتور', 'وضعیت شاسی\u200cها', 'وضعیت بدنه', 'مهلت بیمهٔ شخص ثالث', 'گیربکس', 'نحوه فروش', 'قیمت'], ['سالم', 'سالم و پلمپ', 'سالم و بی\u200cخط و خش', '۱۲ ماه', 'دنده\u200cای', 'نقدی', '۲۰۳٬۰۰۰٬۰۰۰ تومان']]"
"[['برند و تیپ', 'وضعیت موتور', 'وضعیت شاسی\u200cها', 'وضعیت بدنه', 'مهلت بیمهٔ شخص ثالث', 'گیربکس', 'نحوه فروش', 'قیمت'], ['سالم', 'سالم و پلمپ', 'سالم و بی\u200cخط و خش', '۴ ماه', 'دنده\u200cای', 'نقدی', '۲۸۵٬۰۰۰٬۰۰۰ تومان']]"
"[['فروشنده', 'برند و تیپ', 'وضعیت موتور', 'وضعیت شاسی\u200cها', 'وضعیت بدنه', 'مهلت بیمهٔ شخص ثالث', 'گیربکس', 'نحوه فروش', 'قیمت'], ['سالم', 'سالم و پلمپ', 'سالم و بی\u200cخط و خش', '۱۱ ماه', 'دنده\u200cای', 'نقدی و قسطی', '۳۳۰٬۰۰۰٬۰۰۰ تومان']]"
"[['برند و تیپ', 'وضعیت موتور', 'وضعیت شاسی\u200cها', 'وضعیت بدنه', 'مهلت بیمهٔ شخص ثالث', 'گیربکس', 'نحوه فروش', 'قیمت'], ['سالم', 'سالم و پلمپ', 'صافکاری بی\u200cرنگ', '۲ ماه', 'دنده\u200cای', 'نقدی', '۲۲۴٬۵۰۰٬۰۰۰ تومان']]"
"[['نمایشگاه', 'برند و تیپ', 'وضعیت موتور', 'وضعیت شاسی\u200cها', 'وضعیت بدنه', 'مهلت بیمهٔ شخص ثالث', 'گیربکس', 'نحوه فروش', 'قیمت'], ['سالم', 'سالم و پلمپ', 'سالم و بی\u200cخط و خش', '۱۲ ماه', 'اتوماتیک', 'قسطی', '۳۸۱٬۰۰۰٬۰۰۰ تومان']]"
"[['نمایشگاه', 'برند و تیپ', 'وضعیت موتور', 'وضعیت شاسی\u200cها', 'وضعیت بدنه', 'مهلت بیمهٔ شخص ثالث', 'گیربکس', 'نحوه فروش', 'قیمت'], ['سالم', 'سالم و پلمپ', 'سالم و بی\u200cخط و خش', '۱۲ ماه', 'دنده\u200cای', 'نقدی و قسطی', '۲۰۵٬۰۰۰٬۰۰۰ تومان']]"
"[['برند و تیپ', 'وضعیت موتور', 'وضعیت شاسی\u200cها', 'وضعیت بدنه', 'مهلت بیمهٔ شخص ثالث', 'گیربکس', 'نحوه فروش', 'قیمت'], ['سالم', 'سالم و پلمپ', 'سالم و بی\u200cخط و خش', '۹ ماه', 'دنده\u200cای', 'نقدی', '۳۱۵٬۰۰۰٬۰۰۰ تومان']]"
"[['نمایشگاه', 'برند و تیپ', 'وضعیت موتور', 'وضعیت شاسی\u200cها', 'وضعیت بدنه', 'مهلت بیمهٔ شخص ثالث', 'گیربکس', 'نحوه فروش', 'قیمت'], ['سالم', 'سالم و پلمپ', 'سالم و بی\u200cخط و خش', '۱۲ ماه', 'اتوماتیک', 'قسطی', '۳۲۰٬۰۰۰٬۰۰۰ تومان']]"
"[['فروشنده', 'برند و تیپ', 'وضعیت موتور', 'وضعیت شاسی\u200cها', 'وضعیت بدنه', 'مهلت بیمهٔ شخص ثالث', 'گیربکس', 'نحوه فروش', 'قیمت'], ['سالم', 'سالم و پلمپ', 'رنگ\u200cشدگی', '۱۰ ماه', 'دنده\u200cای', 'نقدی و قسطی', '۲۲۵٬۰۰۰٬۰۰۰ تومان']]"
"[['برند و تیپ', 'وضعیت موتور', 'وضعیت شاسی\u200cها', 'وضعیت بدنه', 'مهلت بیمهٔ شخص ثالث', 'گیربکس', 'نحوه فروش', 'قیمت'], ['سالم', 'سالم و پلمپ', 'سالم و بی\u200cخط و خش', '۶ ماه', 'دنده\u200cای', 'نقدی', '۲۲۸٬۰۰۰٬۰۰۰ تومان']]"
"[['برند و تیپ', 'وضعیت موتور', 'وضعیت شاسی\u200cها', 'وضعیت بدنه', 'مهلت بیمهٔ شخص ثالث', 'گیربکس', 'نحوه فروش', 'قیمت'], ['سالم', 'سالم و پلمپ', 'سالم و بی\u200cخط و خش', '۱۲ ماه', 'دنده\u200cای', 'نقدی', '۳۱۵٬۰۰۰٬۰۰۰ تومان']]"
test
پژو 405 GLi بنزینی
سمند LX EF7 گازسوز
پژو پارس سال
پژو 206 تیپ ۲
نیسان پاترول 2 در 4 سیلندر
پژو 206 تیپ ۵
سمند LX ساده
پژو 405 SLX بنزینی
پژو 206 تیپ ۲
رانا پلاس
ام‌وی‌ام X22 دنده‌ای اسپرت اکسلنت
سیتروئن زانتیا 2000cc
دنا پلاس تیپ ۲ دنده‌ای
پژو پارس سال
تارا اتوماتیک
رنو تندر 90 E2 بنزینی
پژو 206 تیپ ۳
پژو 206 تیپ ۵
پژو پارس سال
پژو 206 SD V8
زامیاد Z 24 دیزلی
جک J5 اتوماتیک 1800cc
جیلی GC6 اکسلنت
سمند LX ساده
پژو پارس سال
پژو 207i پانوراما دنده‌ای
ساینا دنده‌ای S
سمند سورن ELX
پژو 206 تیپ ۲
پژو پارس دوگانه سوز
وانت مزدا 2000 تک کابین بنزینی
پژو پارس LX TU5
پژو پارس سال
جک J5 اتوماتیک 1800cc
پژو پارس سال
ام‌وی‌ام X22 دنده‌ای لاکچری
پژو پارس سال
پژو 207i دنده‌ای
test
"برند و تیپ,وضعیت موتور,سالم,وضعیت شاسی‌ها,سالم و پلمپ,وضعیت بدنه,سالم و بی‌خط و خش,مهلت بیمهٔ شخص ثالث,۴ ماه,گیربکس,دنده‌ای,نحوه فروش,نقدی,قیمت,۲۴۲٬۰۰۰٬۰۰۰ تومان"
"برند و تیپ,وضعیت موتور,سالم,وضعیت شاسی‌ها,سالم و پلمپ,وضعیت بدنه,سالم و بی‌خط و خش,مهلت بیمهٔ شخص ثالث,۴ ماه,گیربکس,دنده‌ای,نحوه فروش,نقدی,قیمت,۲۸۰٬۰۰۰٬۰۰۰ تومان"
"برند و تیپ,وضعیت موتور,سالم,وضعیت شاسی‌ها,سالم و پلمپ,وضعیت بدنه,سالم و بی‌خط و خش,مهلت بیمهٔ شخص ثالث,۶ ماه,گیربکس,دنده‌ای,نحوه فروش,نقدی,قیمت,۲۳۵٬۰۰۰٬۰۰۰ تومان"
"برند و تیپ,وضعیت موتور,سالم,وضعیت شاسی‌ها,سالم و پلمپ,وضعیت بدنه,سالم و بی‌خط و خش,مهلت بیمهٔ شخص ثالث,۴ ماه,گیربکس,دنده‌ای,قیمت,۲۵۴٬۰۰۰٬۰۰۰ تومان"
"برند و تیپ,وضعیت موتور,سالم,وضعیت شاسی‌ها,سالم و پلمپ,وضعیت بدنه,رنگ‌شدگی، در ۱ ناحیه,مهلت بیمهٔ شخص ثالث,۱۲ ماه,گیربکس,دنده‌ای,نحوه فروش,نقدی,قیمت,۲۵۰٬۰۰۰٬۰۰۰ تومان"
"برند و تیپ,وضعیت موتور,سالم,وضعیت شاسی‌ها,سالم و پلمپ,وضعیت بدنه,سالم و بی‌خط و خش,مهلت بیمهٔ شخص ثالث,۴ ماه,گیربکس,دنده‌ای,نحوه فروش,نقدی,قیمت,۲۷۰٬۰۰۰٬۰۰۰ تومان"
"برند و تیپ,وضعیت موتور,سالم,وضعیت شاسی‌ها,سالم و پلمپ,وضعیت بدنه,سالم و بی‌خط و خش,مهلت بیمهٔ شخص ثالث,۱۲ ماه,گیربکس,دنده‌ای,نحوه فروش,نقدی,قیمت,۲۶۰٬۰۰۰٬۰۰۰ تومان"
"برند و تیپ,وضعیت موتور,سالم,وضعیت شاسی‌ها,سالم و پلمپ,وضعیت بدنه,سالم و بی‌خط و خش,گیربکس,دنده‌ای,نحوه فروش,نقدی,قیمت,۴۰۰٬۰۰۰٬۰۰۰ تومان"
"برند و تیپ,وضعیت موتور,سالم,وضعیت شاسی‌ها,سالم و پلمپ,وضعیت بدنه,دوررنگ,مهلت بیمهٔ شخص ثالث,۶ ماه,گیربکس,دنده‌ای,نحوه فروش,نقدی,قیمت,۲۶۰٬۰۰۰٬۰۰۰ تومان"
"برند و تیپ,وضعیت موتور,سالم,وضعیت شاسی‌ها,سالم و پلمپ,وضعیت بدنه,صافکاری بی‌رنگ,مهلت بیمهٔ شخص ثالث,۱۰ ماه,گیربکس,دنده‌ای,نحوه فروش,نقدی,قیمت,۲۵۰٬۰۰۰٬۰۰۰ تومان"
"برند و تیپ,وضعیت موتور,سالم,وضعیت شاسی‌ها,سالم و پلمپ,وضعیت بدنه,خط و خش جزیی,مهلت بیمهٔ شخص ثالث,۶ ماه,گیربکس,دنده‌ای,نحوه فروش,نقدی,قیمت,۳۸۸٬۰۰۰٬۰۰۰ تومان"
"نمایشگاه,نمایشگاه ساره خودرو سعادت آباد,برند و تیپ,وضعیت موتور,سالم,وضعیت شاسی‌ها,سالم و پلمپ,وضعیت بدنه,سالم و بی‌خط و خش,گیربکس,اتوماتیک,نحوه فروش,قسطی,قیمت,۲۶۳٬۹۰۰٬۰۰۰ تومان"
"برند و تیپ,وضعیت بدنه,سالم و بی‌خط و خش,گیربکس,دنده‌ای,قیمت,۲۸۷٬۰۰۰٬۰۰۰ تومان"
"برند و تیپ,وضعیت موتور,سالم,وضعیت شاسی‌ها,سالم و پلمپ,وضعیت بدنه,سالم و بی‌خط و خش,گیربکس,دنده‌ای,نحوه فروش,نقدی,قیمت,۳۹۰٬۰۰۰٬۰۰۰ تومان"
"برند و تیپ,وضعیت موتور,سالم,وضعیت شاسی‌ها,سالم و پلمپ,وضعیت بدنه,سالم و بی‌خط و خش,مهلت بیمهٔ شخص ثالث,۸ ماه,گیربکس,دنده‌ای,نحوه فروش,نقدی,قیمت,۳۷۰٬۰۰۰٬۰۰۰ تومان"
"نمایشگاه,رسالت نوین خودرو پارسیان,برند و تیپ,وضعیت موتور,سالم,وضعیت شاسی‌ها,سالم و پلمپ,وضعیت بدنه,سالم و بی‌خط و خش,مهلت بیمهٔ شخص ثالث,۱۲ ماه,گیربکس,دنده‌ای,نحوه فروش,قسطی,قیمت,۲۰۰٬۰۰۰٬۰۰۰ تومان"
"برند و تیپ,وضعیت موتور,سالم,وضعیت شاسی‌ها,سالم و پلمپ,وضعیت بدنه,سالم و بی‌خط و خش,مهلت بیمهٔ شخص ثالث,۱۱ ماه,گیربکس,دنده‌ای,نحوه فروش,نقدی,قیمت,۲۸۵٬۰۰۰٬۰۰۰ تومان"
"برند و تیپ,وضعیت موتور,سالم,وضعیت شاسی‌ها,سالم و پلمپ,وضعیت بدنه,صافکاری بی‌رنگ,مهلت بیمهٔ شخص ثالث,۲ ماه,گیربکس,دنده‌ای,نحوه فروش,نقدی,قیمت,۲۶۰٬۰۰۰٬۰۰۰ تومان"
"برند و تیپ,وضعیت موتور,سالم,وضعیت شاسی‌ها,سالم و پلمپ,وضعیت بدنه,خط و خش جزیی,مهلت بیمهٔ شخص ثالث,۱۰ ماه,گیربکس,دنده‌ای,نحوه فروش,نقدی,قیمت,۲۱۵٬۰۰۰٬۰۰۰ تومان"
"برند و تیپ,وضعیت موتور,سالم,وضعیت شاسی‌ها,سالم و پلمپ,وضعیت بدنه,سالم و بی‌خط و خش,مهلت بیمهٔ شخص ثالث,۱۰ ماه,گیربکس,دنده‌ای,نحوه فروش,نقدی,قیمت,۳۳۰٬۰۰۰٬۰۰۰ تومان"
"برند و تیپ,وضعیت موتور,سالم,وضعیت شاسی‌ها,سالم و پلمپ,وضعیت بدنه,سالم و بی‌خط و خش,مهلت بیمهٔ شخص ثالث,۴ ماه,گیربکس,دنده‌ای,نحوه فروش,نقدی,قیمت,۲۸۰٬۰۰۰٬۰۰۰ تومان"
"نمایشگاه,اتوگالری نیکبخت,برند و تیپ,وضعیت موتور,سالم,وضعیت شاسی‌ها,سالم و پلمپ,وضعیت بدنه,رنگ‌شدگی,مهلت بیمهٔ شخص ثالث,۶ ماه,گیربکس,اتوماتیک,نحوه فروش,نقدی,قیمت,۳۴۷٬۰۰۰٬۰۰۰ تومان"
"برند و تیپ,وضعیت موتور,سالم,وضعیت شاسی‌ها,سالم و پلمپ,وضعیت بدنه,سالم و بی‌خط و خش,مهلت بیمهٔ شخص ثالث,۱۲ ماه,گیربکس,دنده‌ای,نحوه فروش,نقدی,قیمت,۲۹۰٬۰۰۰٬۰۰۰ تومان"
"برند و تیپ,وضعیت موتور,سالم,وضعیت شاسی‌ها,سالم و پلمپ,وضعیت بدنه,سالم و بی‌خط و خش,مهلت بیمهٔ شخص ثالث,۱۱ ماه,گیربکس,دنده‌ای,نحوه فروش,نقدی,قیمت,۲۴۶٬۰۰۰٬۰۰۰ تومان"
test
سیتروئن زانتیا 2000cc
رانا پلاس
سمند LX ساده
پژو پارس سال
نیسان پاترول 2 در 4 سیلندر
پژو 207i دنده‌ای
پژو 206 تیپ ۵
پژو 405 SLX بنزینی
پژو 206 تیپ ۲
وانت مزدا 2000 تک کابین بنزینی
رنو تندر 90 E2 بنزینی
تارا اتوماتیک
سمند LX EF7 گازسوز
پژو 206 تیپ ۲
پژو 405 GLi بنزینی
پژو 206 تیپ ۵
پژو پارس دوگانه سوز
پژو پارس سال
پژو 206 تیپ ۳
زامیاد Z 24 دیزلی
جک J5 اتوماتیک 1800cc
سمند LX ساده
پژو پارس سال
پژو پارس سال
پژو پارس سال
دنا پلاس تیپ ۲ دنده‌ای
پژو 207i پانوراما دنده‌ای
ام‌وی‌ام X22 دنده‌ای اسپرت اکسلنت
پژو 206 تیپ ۲
ساینا دنده‌ای S
کوییک دنده‌ای S
جک J5 اتوماتیک 1800cc
پژو 206 SD V8
پژو پارس سال
ام‌وی‌ام X55 Pro اکسلنت اسپرت
ام‌وی‌ام X22 دنده‌ای لاکچری
پژو پارس LX TU5
چری آریزو 5IE جدید توربو
پژو 207i دنده‌ای
test,testt
"برند و تیپ,وضعیت موتور,سالم,وضعیت شاسی‌ها,سالم و پلمپ,وضعیت بدنه,صافکاری بی‌رنگ,مهلت بیمهٔ شخص ثالث,۲ ماه,گیربکس,دنده‌ای,نحوه فروش,نقدی,قیمت,۲۶۰٬۰۰۰٬۰۰۰ تومان",سمند LX ساده
"برند و تیپ,وضعیت موتور,سالم,وضعیت شاسی‌ها,سالم و پلمپ,وضعیت بدنه,رنگ‌شدگی، در ۱ ناحیه,مهلت بیمهٔ شخص ثالث,۱۲ ماه,گیربکس,دنده‌ای,نحوه فروش,نقدی,قیمت,۲۵۰٬۰۰۰٬۰۰۰ تومان",سیتروئن زانتیا 2000cc
"برند و تیپ,وضعیت موتور,سالم,وضعیت شاسی‌ها,سالم و پلمپ,وضعیت بدنه,سالم و بی‌خط و خش,مهلت بیمهٔ شخص ثالث,۴ ماه,گیربکس,دنده‌ای,نحوه فروش,نقدی,قیمت,۲۸۰٬۰۰۰٬۰۰۰ تومان",سمند LX EF7 گازسوز
"برند و تیپ,وضعیت موتور,سالم,وضعیت شاسی‌ها,سالم و پلمپ,وضعیت بدنه,دوررنگ,مهلت بیمهٔ شخص ثالث,۶ ماه,گیربکس,دنده‌ای,نحوه فروش,نقدی,قیمت,۲۶۰٬۰۰۰٬۰۰۰ تومان",نیسان پاترول 2 در 4 سیلندر
"برند و تیپ,وضعیت موتور,سالم,وضعیت شاسی‌ها,سالم و پلمپ,وضعیت بدنه,سالم و بی‌خط و خش,مهلت بیمهٔ شخص ثالث,۱۲ ماه,گیربکس,دنده‌ای,نحوه فروش,نقدی,قیمت,۲۶۰٬۰۰۰٬۰۰۰ تومان",پژو 206 تیپ ۵
"برند و تیپ,وضعیت موتور,سالم,وضعیت شاسی‌ها,سالم و پلمپ,وضعیت بدنه,سالم و بی‌خط و خش,مهلت بیمهٔ شخص ثالث,۴ ماه,گیربکس,دنده‌ای,نحوه فروش,نقدی,قیمت,۲۴۲٬۰۰۰٬۰۰۰ تومان",پژو پارس سال
"برند و تیپ,وضعیت موتور,سالم,وضعیت شاسی‌ها,سالم و پلمپ,وضعیت بدنه,سالم و بی‌خط و خش,گیربکس,دنده‌ای,نحوه فروش,نقدی,قیمت,۴۰۰٬۰۰۰٬۰۰۰ تومان",پژو 207i دنده‌ای
"برند و تیپ,وضعیت موتور,سالم,وضعیت شاسی‌ها,سالم و پلمپ,وضعیت بدنه,خط و خش جزیی,مهلت بیمهٔ شخص ثالث,۱۰ ماه,گیربکس,دنده‌ای,نحوه فروش,نقدی,قیمت,۲۱۵٬۰۰۰٬۰۰۰ تومان",وانت مزدا 2000 تک کابین بنزینی
"برند و تیپ,وضعیت بدنه,سالم و بی‌خط و خش,گیربکس,دنده‌ای,قیمت,۲۸۷٬۰۰۰٬۰۰۰ تومان",پژو 206 تیپ ۲
"برند و تیپ,وضعیت موتور,سالم,وضعیت شاسی‌ها,سالم و پلمپ,وضعیت بدنه,سالم و بی‌خط و خش,مهلت بیمهٔ شخص ثالث,۶ ماه,گیربکس,دنده‌ای,نحوه فروش,نقدی,قیمت,۲۳۵٬۰۰۰٬۰۰۰ تومان",پژو 405 GLi بنزینی
"برند و تیپ,وضعیت موتور,سالم,وضعیت شاسی‌ها,سالم و پلمپ,وضعیت بدنه,سالم و بی‌خط و خش,مهلت بیمهٔ شخص ثالث,۷ ماه,گیربکس,دنده‌ای,نحوه فروش,نقدی,قیمت,۲۷۰٬۰۰۰٬۰۰۰ تومان",پژو 405 SLX بنزینی
"برند و تیپ,وضعیت موتور,سالم,وضعیت شاسی‌ها,سالم و پلمپ,وضعیت بدنه,خط و خش جزیی,مهلت بیمهٔ شخص ثالث,۶ ماه,گیربکس,دنده‌ای,نحوه فروش,نقدی,قیمت,۳۸۸٬۰۰۰٬۰۰۰ تومان",ام‌وی‌ام X22 دنده‌ای اسپرت اکسلنت
"برند و تیپ,وضعیت موتور,سالم,وضعیت شاسی‌ها,سالم و پلمپ,وضعیت بدنه,سالم و بی‌خط و خش,مهلت بیمهٔ شخص ثالث,۴ ماه,گیربکس,دنده‌ای,نحوه فروش,نقدی,قیمت,۲۷۰٬۰۰۰٬۰۰۰ تومان",رانا پلاس
"برند و تیپ,وضعیت موتور,سالم,وضعیت شاسی‌ها,سالم و پلمپ,وضعیت بدنه,سالم و بی‌خط و خش,مهلت بیمهٔ شخص ثالث,۸ ماه,گیربکس,دنده‌ای,نحوه فروش,نقدی,قیمت,۳۷۰٬۰۰۰٬۰۰۰ تومان",دنا پلاس تیپ ۲ دنده‌ای
"برند و تیپ,وضعیت موتور,سالم,وضعیت شاسی‌ها,سالم و پلمپ,وضعیت بدنه,سالم و بی‌خط و خش,مهلت بیمهٔ شخص ثالث,۴ ماه,گیربکس,دنده‌ای,قیمت,۲۵۴٬۰۰۰٬۰۰۰ تومان",پژو پارس سال
"نمایشگاه,نمایشگاه ساره خودرو سعادت آباد,برند و تیپ,وضعیت موتور,سالم,وضعیت شاسی‌ها,سالم و پلمپ,وضعیت بدنه,سالم و بی‌خط و خش,گیربکس,اتوماتیک,نحوه فروش,قسطی,قیمت,۲۶۳٬۹۰۰٬۰۰۰ تومان",تارا اتوماتیک
"برند و تیپ,وضعیت موتور,سالم,وضعیت شاسی‌ها,سالم و پلمپ,وضعیت بدنه,سالم و بی‌خط و خش,گیربکس,دنده‌ای,نحوه فروش,نقدی,قیمت,۳۹۰٬۰۰۰٬۰۰۰ تومان",رنو تندر 90 E2 بنزینی
"نمایشگاه,رسالت نوین خودرو پارسیان,برند و تیپ,وضعیت موتور,سالم,وضعیت شاسی‌ها,سالم و پلمپ,وضعیت بدنه,سالم و بی‌خط و خش,مهلت بیمهٔ شخص ثالث,۱۲ ماه,گیربکس,دنده‌ای,نحوه فروش,قسطی,قیمت,۲۰۰٬۰۰۰٬۰۰۰ تومان",پژو 206 تیپ ۳
"برند و تیپ,وضعیت موتور,سالم,وضعیت شاسی‌ها,سالم و پلمپ,وضعیت بدنه,رنگ‌شدگی,مهلت بیمهٔ شخص ثالث,۱۲ ماه,گیربکس,دنده‌ای,نحوه فروش,نقدی,قیمت,۲۳۸٬۰۰۰٬۰۰۰ تومان",پژو 206 تیپ ۵
"برند و تیپ,وضعیت موتور,سالم,وضعیت شاسی‌ها,سالم و پلمپ,وضعیت بدنه,سالم و بی‌خط و خش,مهلت بیمهٔ شخص ثالث,۴ ماه,گیربکس,دنده‌ای,نحوه فروش,نقدی,قیمت,۲۸۰٬۰۰۰٬۰۰۰ تومان",پژو پارس سال
"برند و تیپ,وضعیت شاسی‌ها,سالم و پلمپ,وضعیت بدنه,رنگ‌شدگی,مهلت بیمهٔ شخص ثالث,۲ ماه,گیربکس,دنده‌ای,نحوه فروش,نقدی و قسطی,قیمت,۲۷۰٬۰۰۰٬۰۰۰ تومان",زامیاد Z 24 دیزلی
"برند و تیپ,وضعیت موتور,سالم,وضعیت شاسی‌ها,سالم و پلمپ,وضعیت بدنه,سالم و بی‌خط و خش,مهلت بیمهٔ شخص ثالث,۱۰ ماه,گیربکس,دنده‌ای,نحوه فروش,نقدی,قیمت,۳۳۰٬۰۰۰٬۰۰۰ تومان",پژو 206 SD V8
"برند و تیپ,وضعیت موتور,سالم,وضعیت شاسی‌ها,سالم و پلمپ,وضعیت بدنه,صافکاری بی‌رنگ,مهلت بیمهٔ شخص ثالث,۱۰ ماه,گیربکس,دنده‌ای,نحوه فروش,نقدی,قیمت,۲۵۰٬۰۰۰٬۰۰۰ تومان",پژو 206 تیپ ۲
"برند و تیپ,وضعیت موتور,سالم,وضعیت شاسی‌ها,سالم و پلمپ,وضعیت بدنه,سالم و بی‌خط و خش,مهلت بیمهٔ شخص ثالث,۱۱ ماه,گیربکس,دنده‌ای,نحوه فروش,نقدی,قیمت,۲۸۵٬۰۰۰٬۰۰۰ تومان",پژو پارس دوگانه سوز
"نمایشگاه,اتوگالری نیکبخت,برند و تیپ,وضعیت موتور,سالم,وضعیت شاسی‌ها,سالم و پلمپ,وضعیت بدنه,رنگ‌شدگی,مهلت بیمهٔ شخص ثالث,۶ ماه,گیربکس,اتوماتیک,نحوه فروش,نقدی,قیمت,۳۴۷٬۰۰۰٬۰۰۰ تومان",جک J5 اتوماتیک 1800cc
"برند و تیپ,وضعیت موتور,سالم,وضعیت شاسی‌ها,سالم و پلمپ,وضعیت بدنه,صافکاری بی‌رنگ,مهلت بیمهٔ شخص ثالث,۱ ماه,گیربکس,دنده‌ای,نحوه فروش,نقدی,قیمت,۲۷۵٬۰۰۰٬۰۰۰ تومان",سمند LX ساده
"برند و تیپ,وضعیت موتور,سالم,وضعیت شاسی‌ها,سالم و پلمپ,وضعیت بدنه,سالم و بی‌خط و خش,مهلت بیمهٔ شخص ثالث,۱۲ ماه,گیربکس,دنده‌ای,نحوه فروش,نقدی,قیمت,۲۹۰٬۰۰۰٬۰۰۰ تومان",پژو پارس سال
"برند و تیپ,وضعیت موتور,سالم,وضعیت شاسی‌ها,سالم و پلمپ,وضعیت بدنه,سالم و بی‌خط و خش,مهلت بیمهٔ شخص ثالث,۱۱ ماه,گیربکس,دنده‌ای,نحوه فروش,نقدی,قیمت,۲۴۶٬۰۰۰٬۰۰۰ تومان",پژو پارس سال
"برند و تیپ,وضعیت موتور,سالم,وضعیت شاسی‌ها,سالم و پلمپ,وضعیت بدنه,سالم و بی‌خط و خش,مهلت بیمهٔ شخص ثالث,۱۲ ماه,گیربکس,دنده‌ای,نحوه فروش,نقدی,قیمت,۲۱۷٬۰۰۰٬۰۰۰ تومان",ساینا دنده‌ای S
"برند و تیپ,وضعیت موتور,سالم,وضعیت شاسی‌ها,سالم و پلمپ,وضعیت بدنه,خط و خش جزیی,مهلت بیمهٔ شخص ثالث,۶ ماه,گیربکس,دنده‌ای,نحوه فروش,نقدی,قیمت,۲۶۵٬۰۰۰٬۰۰۰ تومان",پژو پارس LX TU5
"برند و تیپ,وضعیت موتور,سالم,وضعیت شاسی‌ها,سالم و پلمپ,وضعیت بدنه,سالم و بی‌خط و خش,مهلت بیمهٔ شخص ثالث,۸ ماه,گیربکس,دنده‌ای,نحوه فروش,نقدی,قیمت,۲۱۰٬۰۰۰٬۰۰۰ تومان",کوییک دنده‌ای S
"برند و تیپ,وضعیت موتور,سالم,وضعیت شاسی‌ها,سالم و پلمپ,وضعیت بدنه,سالم و بی‌خط و خش,مهلت بیمهٔ شخص ثالث,۱۲ ماه,گیربکس,دنده‌ای,نحوه فروش,نقدی,قیمت,۲۰۳٬۰۰۰٬۰۰۰ تومان",پژو پارس سال
"برند و تیپ,وضعیت موتور,سالم,وضعیت شاسی‌ها,سالم و پلمپ,وضعیت بدنه,سالم و بی‌خط و خش,مهلت بیمهٔ شخص ثالث,۱۰ ماه,گیربکس,دنده‌ای,نحوه فروش,نقدی,قیمت,۲۷۸٬۰۰۰٬۰۰۰ تومان",سمند سورن ELX
"نمایشگاه,نمایندگی مدیران خودرو کد 777,برند و تیپ,وضعیت موتور,سالم,وضعیت شاسی‌ها,سالم و پلمپ,وضعیت بدنه,سالم و بی‌خط و خش,مهلت بیمهٔ شخص ثالث,۱۲ ماه,گیربکس,اتوماتیک,نحوه فروش,قسطی,قیمت,۳۸۱٬۰۰۰٬۰۰۰ تومان",ام‌وی‌ام X55 Pro اکسلنت اسپرت
"نمایشگاه,نمایندگی مدیران خودرو کد 777,برند و تیپ,وضعیت موتور,سالم,وضعیت شاسی‌ها,سالم و پلمپ,وضعیت بدنه,سالم و بی‌خط و خش,مهلت بیمهٔ شخص ثالث,۱۲ ماه,گیربکس,اتوماتیک,نحوه فروش,قسطی,قیمت,۳۸۰٬۰۰۰٬۰۰۰ تومان",چری آریزو 5IE جدید توربو
"فروشنده,کارنامه,برند و تیپ,وضعیت موتور,سالم,وضعیت بدنه,رنگ‌شدگی,مهلت بیمهٔ شخص ثالث,۸ ماه,گیربکس,اتوماتیک,نحوه فروش,نقدی و قسطی,قیمت,۳۷۰٬۰۰۰٬۰۰۰ تومان",جک J5 اتوماتیک 1800cc
"برند و تیپ,وضعیت موتور,سالم,وضعیت شاسی‌ها,سالم و پلمپ,وضعیت بدنه,خط و خش جزیی,مهلت بیمهٔ شخص ثالث,۱۲ ماه,گیربکس,دنده‌ای,نحوه فروش,نقدی,قیمت,۳۷۰٬۰۰۰٬۰۰۰ تومان",پژو 207i پانوراما دنده‌ای
"برند و تیپ,وضعیت موتور,سالم,وضعیت شاسی‌ها,سالم و پلمپ,وضعیت بدنه,سالم و بی‌خط و خش,مهلت بیمهٔ شخص ثالث,۱۱ ماه,گیربکس,دنده‌ای,نحوه فروش,نقدی,قیمت,۲۳۲٬۵۰۰٬۰۰۰ تومان",پژو 405 GLX - دوگانه سوز CNG
"فروشنده,کارنامه,برند و تیپ,وضعیت موتور,سالم,وضعیت شاسی‌ها,سالم و پلمپ,وضعیت بدنه,سالم و بی‌خط و خش,مهلت بیمهٔ شخص ثالث,۱۱ ماه,گیربکس,دنده‌ای,نحوه فروش,نقدی و قسطی,قیمت,۳۳۰٬۰۰۰٬۰۰۰ تومان",دنا معمولی تیپ ۱
"برند و تیپ,وضعیت موتور,سالم,وضعیت شاسی‌ها,سالم و پلمپ,وضعیت بدنه,سالم و بی‌خط و خش,مهلت بیمهٔ شخص ثالث,۱۲ ماه,گیربکس,دنده‌ای,نحوه فروش,نقدی,قیمت,۲۵۶٬۰۰۰٬۰۰۰ تومان",پژو 206 تیپ ۵
"برند و تیپ,وضعیت موتور,سالم,وضعیت شاسی‌ها,سالم و پلمپ,وضعیت بدنه,سالم و بی‌خط و خش,مهلت بیمهٔ شخص ثالث,۴ ماه,گیربکس,اتوماتیک,نحوه فروش,نقدی,قیمت,۳۷۹٬۰۰۰٬۰۰۰ تومان",جیلی GC6 اکسلنت
Token,test,testt
https://divar.ir/v/-/wYcAkWTO,"برند و تیپ,وضعیت موتور,سالم,وضعیت شاسی‌ها,سالم و پلمپ,وضعیت بدنه,سالم و بی‌خط و خش,مهلت بیمهٔ شخص ثالث,۴ ماه,گیربکس,دنده‌ای,نحوه فروش,نقدی,قیمت,۲۴۲٬۰۰۰٬۰۰۰ تومان",پژو پارس سال
https://divar.ir/v/-/wYNoLBlB,"برند و تیپ,وضعیت موتور,سالم,وضعیت شاسی‌ها,سالم و پلمپ,وضعیت بدنه,صافکاری بی‌رنگ,مهلت بیمهٔ شخص ثالث,۲ ماه,گیربکس,دنده‌ای,نحوه فروش,نقدی,قیمت,۲۶۰٬۰۰۰٬۰۰۰ تومان",سمند LX ساده
https://divar.ir/v/-/wYcQECe0,"برند و تیپ,وضعیت موتور,سالم,وضعیت شاسی‌ها,سالم و پلمپ,وضعیت بدنه,سالم و بی‌خط و خش,مهلت بیمهٔ شخص ثالث,۴ ماه,گیربکس,دنده‌ای,نحوه فروش,نقدی,قیمت,۲۸۰٬۰۰۰٬۰۰۰ تومان",سمند LX EF7 گازسوز
https://divar.ir/v/-/wYcQExbr,"برند و تیپ,وضعیت موتور,سالم,وضعیت شاسی‌ها,سالم و پلمپ,وضعیت بدنه,صافکاری بی‌رنگ,مهلت بیمهٔ شخص ثالث,۱۰ ماه,گیربکس,دنده‌ای,نحوه فروش,نقدی,قیمت,۲۵۰٬۰۰۰٬۰۰۰ تومان",پژو 206 تیپ ۲
https://divar.ir/v/-/wYcM02Oh,"برند و تیپ,وضعیت موتور,سالم,وضعیت شاسی‌ها,سالم و پلمپ,وضعیت بدنه,رنگ‌شدگی، در ۱ ناحیه,مهلت بیمهٔ شخص ثالث,۱۲ ماه,گیربکس,دنده‌ای,نحوه فروش,نقدی,قیمت,۲۵۰٬۰۰۰٬۰۰۰ تومان",سیتروئن زانتیا 2000cc
https://divar.ir/v/-/wYcMU0yU,"برند و تیپ,وضعیت موتور,سالم,وضعیت شاسی‌ها,سالم و پلمپ,وضعیت بدنه,سالم و بی‌خط و خش,مهلت بیمهٔ شخص ثالث,۶ ماه,گیربکس,دنده‌ای,نحوه فروش,نقدی,قیمت,۲۳۵٬۰۰۰٬۰۰۰ تومان",پژو 405 GLi بنزینی
https://divar.ir/v/-/wYcME0Ig,"برند و تیپ,وضعیت موتور,سالم,وضعیت شاسی‌ها,سالم و پلمپ,وضعیت بدنه,سالم و بی‌خط و خش,گیربکس,دنده‌ای,نحوه فروش,نقدی,قیمت,۴۰۰٬۰۰۰٬۰۰۰ تومان",پژو 207i دنده‌ای
https://divar.ir/v/-/gYgml6yB,"برند و تیپ,وضعیت موتور,سالم,وضعیت شاسی‌ها,سالم و پلمپ,وضعیت بدنه,سالم و بی‌خط و خش,مهلت بیمهٔ شخص ثالث,۷ ماه,گیربکس,دنده‌ای,نحوه فروش,نقدی,قیمت,۲۷۰٬۰۰۰٬۰۰۰ تومان",پژو 405 SLX بنزینی
https://divar.ir/v/-/QYjnf00Z,"برند و تیپ,وضعیت بدنه,سالم و بی‌خط و خش,گیربکس,دنده‌ای,قیمت,۲۸۷٬۰۰۰٬۰۰۰ تومان",پژو 206 تیپ ۲
https://divar.ir/v/-/wYcMkoww,"برند و تیپ,وضعیت موتور,سالم,وضعیت شاسی‌ها,سالم و پلمپ,وضعیت بدنه,سالم و بی‌خط و خش,مهلت بیمهٔ شخص ثالث,۱۲ ماه,گیربکس,دنده‌ای,نحوه فروش,نقدی,قیمت,۲۶۰٬۰۰۰٬۰۰۰ تومان",پژو 206 تیپ ۵
https://divar.ir/v/-/wYcM0rF9,"برند و تیپ,وضعیت موتور,سالم,وضعیت شاسی‌ها,سالم و پلمپ,وضعیت بدنه,خط و خش جزیی,مهلت بیمهٔ شخص ثالث,۱۰ ماه,گیربکس,دنده‌ای,نحوه فروش,نقدی,قیمت,۲۱۵٬۰۰۰٬۰۰۰ تومان",وانت مزدا 2000 تک کابین بنزینی
https://divar.ir/v/-/wYX8lofY,"برند و تیپ,وضعیت موتور,سالم,وضعیت شاسی‌ها,سالم و پلمپ,وضعیت بدنه,سالم و بی‌خط و خش,مهلت بیمهٔ شخص ثالث,۸ ماه,گیربکس,دنده‌ای,نحوه فروش,نقدی,قیمت,۳۷۰٬۰۰۰٬۰۰۰ تومان",دنا پلاس تیپ ۲ دنده‌ای
https://divar.ir/v/-/gYRmLiKf,"نمایشگاه,نمایشگاه ساره خودرو سعادت آباد,برند و تیپ,وضعیت موتور,سالم,وضعیت شاسی‌ها,سالم و پلمپ,وضعیت بدنه,سالم و بی‌خط و خش,گیربکس,اتوماتیک,نحوه فروش,قسطی,قیمت,۲۶۳٬۹۰۰٬۰۰۰ تومان",تارا اتوماتیک
https://divar.ir/v/-/wYcQEyDK,"برند و تیپ,وضعیت موتور,سالم,وضعیت شاسی‌ها,سالم و پلمپ,وضعیت بدنه,سالم و بی‌خط و خش,مهلت بیمهٔ شخص ثالث,۴ ماه,گیربکس,دنده‌ای,نحوه فروش,نقدی,قیمت,۲۷۰٬۰۰۰٬۰۰۰ تومان",رانا پلاس
https://divar.ir/v/-/wYcQEGpl,"برند و تیپ,وضعیت موتور,سالم,وضعیت شاسی‌ها,سالم و پلمپ,وضعیت بدنه,سالم و بی‌خط و خش,مهلت بیمهٔ شخص ثالث,۱۱ ماه,گیربکس,دنده‌ای,نحوه فروش,نقدی,قیمت,۲۸۵٬۰۰۰٬۰۰۰ تومان",پژو پارس دوگانه سوز
https://divar.ir/v/-/wYcQEkuE,"برند و تیپ,وضعیت موتور,سالم,وضعیت شاسی‌ها,سالم و پلمپ,وضعیت بدنه,سالم و بی‌خط و خش,گیربکس,دنده‌ای,نحوه فروش,نقدی,قیمت,۳۹۰٬۰۰۰٬۰۰۰ تومان",رنو تندر 90 E2 بنزینی
https://divar.ir/v/-/wYcMEVCy,"نمایشگاه,رسالت نوین خودرو پارسیان,برند و تیپ,وضعیت موتور,سالم,وضعیت شاسی‌ها,سالم و پلمپ,وضعیت بدنه,سالم و بی‌خط و خش,مهلت بیمهٔ شخص ثالث,۱۲ ماه,گیربکس,دنده‌ای,نحوه فروش,قسطی,قیمت,۲۰۰٬۰۰۰٬۰۰۰ تومان",پژو 206 تیپ ۳
https://divar.ir/v/-/wYcMkOyR,"برند و تیپ,وضعیت موتور,سالم,وضعیت شاسی‌ها,سالم و پلمپ,وضعیت بدنه,خط و خش جزیی,مهلت بیمهٔ شخص ثالث,۶ ماه,گیربکس,دنده‌ای,نحوه فروش,نقدی,قیمت,۳۸۸٬۰۰۰٬۰۰۰ تومان",ام‌وی‌ام X22 دنده‌ای اسپرت اکسلنت
https://divar.ir/v/-/wYcQ0gY6,"برند و تیپ,وضعیت موتور,سالم,وضعیت شاسی‌ها,سالم و پلمپ,وضعیت بدنه,رنگ‌شدگی,مهلت بیمهٔ شخص ثالث,۱۲ ماه,گیربکس,دنده‌ای,نحوه فروش,نقدی,قیمت,۲۳۸٬۰۰۰٬۰۰۰ تومان",پژو 206 تیپ ۵
https://divar.ir/v/-/wYJUrGXf,"برند و تیپ,وضعیت موتور,سالم,وضعیت شاسی‌ها,سالم و پلمپ,وضعیت بدنه,سالم و بی‌خط و خش,مهلت بیمهٔ شخص ثالث,۴ ماه,گیربکس,دنده‌ای,نحوه فروش,نقدی,قیمت,۲۸۰٬۰۰۰٬۰۰۰ تومان",پژو پارس سال
https://divar.ir/v/-/wYcMEoWY,"برند و تیپ,وضعیت موتور,سالم,وضعیت شاسی‌ها,سالم و پلمپ,وضعیت بدنه,سالم و بی‌خط و خش,مهلت بیمهٔ شخص ثالث,۱۰ ماه,گیربکس,دنده‌ای,نحوه فروش,نقدی,قیمت,۳۳۰٬۰۰۰٬۰۰۰ تومان",پژو 206 SD V8
https://divar.ir/v/-/wYcQUOmU,"برند و تیپ,وضعیت موتور,سالم,وضعیت شاسی‌ها,سالم و پلمپ,وضعیت بدنه,سالم و بی‌خط و خش,مهلت بیمهٔ شخص ثالث,۴ ماه,گیربکس,دنده‌ای,قیمت,۲۵۴٬۰۰۰٬۰۰۰ تومان",پژو پارس سال
https://divar.ir/v/-/wYcQ0dTZ,"برند و تیپ,وضعیت شاسی‌ها,سالم و پلمپ,وضعیت بدنه,رنگ‌شدگی,مهلت بیمهٔ شخص ثالث,۲ ماه,گیربکس,دنده‌ای,نحوه فروش,نقدی و قسطی,قیمت,۲۷۰٬۰۰۰٬۰۰۰ تومان",زامیاد Z 24 دیزلی
https://divar.ir/v/-/wYcMEmQ5,"برند و تیپ,وضعیت موتور,سالم,وضعیت شاسی‌ها,سالم و پلمپ,وضعیت بدنه,سالم و بی‌خط و خش,مهلت بیمهٔ شخص ثالث,۱۱ ماه,گیربکس,دنده‌ای,نحوه فروش,نقدی,قیمت,۲۴۶٬۰۰۰٬۰۰۰ تومان",پژو پارس سال
https://divar.ir/v/-/wYcIELue,"برند و تیپ,وضعیت موتور,سالم,وضعیت شاسی‌ها,سالم و پلمپ,وضعیت بدنه,صافکاری بی‌رنگ,مهلت بیمهٔ شخص ثالث,۱ ماه,گیربکس,دنده‌ای,نحوه فروش,نقدی,قیمت,۲۷۵٬۰۰۰٬۰۰۰ تومان",سمند LX ساده
Infos
"['https://divar.ir/v/-/wYcMU0yU', ['پژو 405 GLi بنزینی'], ['برند و تیپ', 'وضعیت موتور', 'سالم', 'وضعیت شاسی\u200cها', 'سالم و پلمپ', 'وضعیت بدنه', 'سالم و بی\u200cخط و خش', 'مهلت بیمهٔ شخص ثالث', '۶ ماه', 'گیربکس', 'دنده\u200cای', 'نحوه فروش', 'نقدی', 'قیمت', '۲۳۵٬۰۰۰٬۰۰۰ تومان']]"
"['https://divar.ir/v/-/wYcQEyDK', ['رانا پلاس'], ['برند و تیپ', 'وضعیت موتور', 'سالم', 'وضعیت شاسی\u200cها', 'سالم و پلمپ', 'وضعیت بدنه', 'سالم و بی\u200cخط و خش', 'مهلت بیمهٔ شخص ثالث', '۴ ماه', 'گیربکس', 'دنده\u200cای', 'نحوه فروش', 'نقدی', 'قیمت', '۲۷۰٬۰۰۰٬۰۰۰ تومان']]"
"['https://divar.ir/v/-/wYcQECe0', ['سمند LX EF7 گازسوز'], ['برند و تیپ', 'وضعیت موتور', 'سالم', 'وضعیت شاسی\u200cها', 'سالم و پلمپ', 'وضعیت بدنه', 'سالم و بی\u200cخط و خش', 'مهلت بیمهٔ شخص ثالث', '۴ ماه', 'گیربکس', 'دنده\u200cای', 'نحوه فروش', 'نقدی', 'قیمت', '۲۸۰٬۰۰۰٬۰۰۰ تومان']]"
"['https://divar.ir/v/-/wYcojxI5', ['نیسان پاترول 2 در 4 سیلندر'], ['برند و تیپ', 'وضعیت موتور', 'سالم', 'وضعیت شاسی\u200cها', 'سالم و پلمپ', 'وضعیت بدنه', 'دوررنگ', 'مهلت بیمهٔ شخص ثالث', '۶ ماه', 'گیربکس', 'دنده\u200cای', 'نحوه فروش', 'نقدی', 'قیمت', '۲۶۰٬۰۰۰٬۰۰۰ تومان']]"
"['https://divar.ir/v/-/wYNoLBlB', ['سمند LX ساده'], ['برند و تیپ', 'وضعیت موتور', 'سالم', 'وضعیت شاسی\u200cها', 'سالم و پلمپ', 'وضعیت بدنه', 'صافکاری بی\u200cرنگ', 'مهلت بیمهٔ شخص ثالث', '۲ ماه', 'گیربکس', 'دنده\u200cای', 'نحوه فروش', 'نقدی', 'قیمت', '۲۶۰٬۰۰۰٬۰۰۰ تومان']]"
"['https://divar.ir/v/-/wYcAkWTO', ['پژو پارس سال'], ['برند و تیپ', 'وضعیت موتور', 'سالم', 'وضعیت شاسی\u200cها', 'سالم و پلمپ', 'وضعیت بدنه', 'سالم و بی\u200cخط و خش', 'مهلت بیمهٔ شخص ثالث', '۴ ماه', 'گیربکس', 'دنده\u200cای', 'نحوه فروش', 'نقدی', 'قیمت', '۲۴۲٬۰۰۰٬۰۰۰ تومان']]"
"['https://divar.ir/v/-/QYjnf00Z', ['پژو 206 تیپ ۲'], ['برند و تیپ', 'وضعیت بدنه', 'سالم و بی\u200cخط و خش', 'گیربکس', 'دنده\u200cای', 'قیمت', '۲۸۷٬۰۰۰٬۰۰۰ تومان']]"
"['https://divar.ir/v/-/wYcQUOmU', ['پژو پارس سال'], ['برند و تیپ', 'وضعیت موتور', 'سالم', 'وضعیت شاسی\u200cها', 'سالم و پلمپ', 'وضعیت بدنه', 'سالم و بی\u200cخط و خش', 'مهلت بیمهٔ شخص ثالث', '۴ ماه', 'گیربکس', 'دنده\u200cای', 'قیمت', '۲۵۴٬۰۰۰٬۰۰۰ تومان']]"
"['https://divar.ir/v/-/wYX8lofY', ['دنا پلاس تیپ ۲ دنده\u200cای'], ['برند و تیپ', 'وضعیت موتور', 'سالم', 'وضعیت شاسی\u200cها', 'سالم و پلمپ', 'وضعیت بدنه', 'سالم و بی\u200cخط و خش', 'مهلت بیمهٔ شخص ثالث', '۸ ماه', 'گیربکس', 'دنده\u200cای', 'نحوه فروش', 'نقدی', 'قیمت', '۳۷۰٬۰۰۰٬۰۰۰ تومان']]"
"['https://divar.ir/v/-/wYcMkOyR', ['ام\u200cوی\u200cام X22 دنده\u200cای اسپرت اکسلنت'], ['برند و تیپ', 'وضعیت موتور', 'سالم', 'وضعیت شاسی\u200cها', 'سالم و پلمپ', 'وضعیت بدنه', 'خط و خش جزیی', 'مهلت بیمهٔ شخص ثالث', '۶ ماه', 'گیربکس', 'دنده\u200cای', 'نحوه فروش', 'نقدی', 'قیمت', '۳۸۸٬۰۰۰٬۰۰۰ تومان']]"
"['https://divar.ir/v/-/wYcM0rF9', ['وانت مزدا 2000 تک کابین بنزینی'], ['برند و تیپ', 'وضعیت موتور', 'سالم', 'وضعیت شاسی\u200cها', 'سالم و پلمپ', 'وضعیت بدنه', 'خط و خش جزیی', 'مهلت بیمهٔ شخص ثالث', '۱۰ ماه', 'گیربکس', 'دنده\u200cای', 'نحوه فروش', 'نقدی', 'قیمت', '۲۱۵٬۰۰۰٬۰۰۰ تومان']]"
"['https://divar.ir/v/-/wYcMkoww', ['پژو 206 تیپ ۵'], ['برند و تیپ', 'وضعیت موتور', 'سالم', 'وضعیت شاسی\u200cها', 'سالم و پلمپ', 'وضعیت بدنه', 'سالم و بی\u200cخط و خش', 'مهلت بیمهٔ شخص ثالث', '۱۲ ماه', 'گیربکس', 'دنده\u200cای', 'نحوه فروش', 'نقدی', 'قیمت', '۲۶۰٬۰۰۰٬۰۰۰ تومان']]"
"['https://divar.ir/v/-/wYcM02Oh', ['سیتروئن زانتیا 2000cc'], ['برند و تیپ', 'وضعیت موتور', 'سالم', 'وضعیت شاسی\u200cها', 'سالم و پلمپ', 'وضعیت بدنه', 'رنگ\u200cشدگی، در ۱ ناحیه', 'مهلت بیمهٔ شخص ثالث', '۱۲ ماه', 'گیربکس', 'دنده\u200cای', 'نحوه فروش', 'نقدی', 'قیمت', '۲۵۰٬۰۰۰٬۰۰۰ تومان']]"
"['https://divar.ir/v/-/gYRmLiKf', ['تارا اتوماتیک'], ['نمایشگاه', 'نمایشگاه ساره خودرو سعادت آباد', 'برند و تیپ', 'وضعیت موتور', 'سالم', 'وضعیت شاسی\u200cها', 'سالم و پلمپ', 'وضعیت بدنه', 'سالم و بی\u200cخط و خش', 'گیربکس', 'اتوماتیک', 'نحوه فروش', 'قسطی', 'قیمت', '۲۶۳٬۹۰۰٬۰۰۰ تومان']]"
"['https://divar.ir/v/-/wYcQ0gY6', ['پژو 206 تیپ ۵'], ['برند و تیپ', 'وضعیت موتور', 'سالم', 'وضعیت شاسی\u200cها', 'سالم و پلمپ', 'وضعیت بدنه', 'رنگ\u200cشدگی', 'مهلت بیمهٔ شخص ثالث', '۱۲ ماه', 'گیربکس', 'دنده\u200cای', 'نحوه فروش', 'نقدی', 'قیمت', '۲۳۸٬۰۰۰٬۰۰۰ تومان']]"
"['https://divar.ir/v/-/wYcQExbr', ['پژو 206 تیپ ۲'], ['برند و تیپ', 'وضعیت موتور', 'سالم', 'وضعیت شاسی\u200cها', 'سالم و پلمپ', 'وضعیت بدنه', 'صافکاری بی\u200cرنگ', 'مهلت بیمهٔ شخص ثالث', '۱۰ ماه', 'گیربکس', 'دنده\u200cای', 'نحوه فروش', 'نقدی', 'قیمت', '۲۵۰٬۰۰۰٬۰۰۰ تومان']]"
"['https://divar.ir/v/-/wYcME0Ig', ['پژو 207i دنده\u200cای'], ['برند و تیپ', 'وضعیت موتور', 'سالم', 'وضعیت شاسی\u200cها', 'سالم و پلمپ', 'وضعیت بدنه', 'سالم و بی\u200cخط و خش', 'گیربکس', 'دنده\u200cای', 'نحوه فروش', 'نقدی', 'قیمت', '۴۰۰٬۰۰۰٬۰۰۰ تومان']]"
"['https://divar.ir/v/-/gYgml6yB', ['پژو 405 SLX بنزینی'], ['برند و تیپ', 'وضعیت موتور', 'سالم', 'وضعیت شاسی\u200cها', 'سالم و پلمپ', 'وضعیت بدنه', 'سالم و بی\u200cخط و خش', 'مهلت بیمهٔ شخص ثالث', '۷ ماه', 'گیربکس', 'دنده\u200cای', 'نحوه فروش', 'نقدی', 'قیمت', '۲۷۰٬۰۰۰٬۰۰۰ تومان']]"
"['https://divar.ir/v/-/wYcMEVCy', ['پژو 206 تیپ ۳'], ['نمایشگاه', 'رسالت نوین خودرو پارسیان', 'برند و تیپ', 'وضعیت موتور', 'سالم', 'وضعیت شاسی\u200cها', 'سالم و پلمپ', 'وضعیت بدنه', 'سالم و بی\u200cخط و خش', 'مهلت بیمهٔ شخص ثالث', '۱۲ ماه', 'گیربکس', 'دنده\u200cای', 'نحوه فروش', 'قسطی', 'قیمت', '۲۰۰٬۰۰۰٬۰۰۰ تومان']]"
"['https://divar.ir/v/-/wYcQEGpl', ['پژو پارس دوگانه سوز'], ['برند و تیپ', 'وضعیت موتور', 'سالم', 'وضعیت شاسی\u200cها', 'سالم و پلمپ', 'وضعیت بدنه', 'سالم و بی\u200cخط و خش', 'مهلت بیمهٔ شخص ثالث', '۱۱ ماه', 'گیربکس', 'دنده\u200cای', 'نحوه فروش', 'نقدی', 'قیمت', '۲۸۵٬۰۰۰٬۰۰۰ تومان']]"
"['https://divar.ir/v/-/wYcMEoWY', ['پژو 206 SD V8'], ['برند و تیپ', 'وضعیت موتور', 'سالم', 'وضعیت شاسی\u200cها', 'سالم و پلمپ', 'وضعیت بدنه', 'سالم و بی\u200cخط و خش', 'مهلت بیمهٔ شخص ثالث', '۱۰ ماه', 'گیربکس', 'دنده\u200cای', 'نحوه فروش', 'نقدی', 'قیمت', '۳۳۰٬۰۰۰٬۰۰۰ تومان']]"
